k,TP_maintained_risky,FP_unnecessary_maintenance,TN_correct_no_maintenance,FN_missed_risky_cases,false_negative_rate,false_positive_rate,total_cost,average_cost_per_sample,dataset,method,cost_fn,cost_fp,split_used_for_k_selection
0.0,233,77,10821,817,0.7780952380952381,0.007065516608552028,1711.0,0.14320388349514562,FD004,bootstrap_gbr,2,1.0,calibration
0.05,241,77,10821,809,0.7704761904761904,0.007065516608552028,1695.0,0.14186474723803147,FD004,bootstrap_gbr,2,1.0,calibration
0.1,243,78,10820,807,0.7685714285714286,0.007157276564507249,1692.0,0.14161365918982258,FD004,bootstrap_gbr,2,1.0,calibration
0.15,244,78,10820,806,0.7676190476190476,0.007157276564507249,1690.0,0.1414462671576833,FD004,bootstrap_gbr,2,1.0,calibration
0.2,247,82,10816,803,0.7647619047619048,0.007524316388328133,1688.0,0.14127887512554402,FD004,bootstrap_gbr,2,1.0,calibration
0.25,249,85,10813,801,0.7628571428571429,0.007799596256193797,1687.0,0.14119517910947438,FD004,bootstrap_gbr,2,1.0,calibration
0.3,252,88,10810,798,0.76,0.00807487612405946,1684.0,0.1409440910612655,FD004,bootstrap_gbr,2,1.0,calibration
0.35,255,90,10808,795,0.7571428571428571,0.008258396035969904,1680.0,0.14060930699698695,FD004,bootstrap_gbr,2,1.0,calibration
0.4,257,92,10806,793,0.7552380952380953,0.008441915947880345,1678.0,0.14044191496484768,FD004,bootstrap_gbr,2,1.0,calibration
0.45,258,93,10805,792,0.7542857142857143,0.008533675903835566,1677.0,0.14035821894877804,FD004,bootstrap_gbr,2,1.0,calibration
0.5,261,96,10802,789,0.7514285714285714,0.00880895577170123,1674.0,0.14010713090056914,FD004,bootstrap_gbr,2,1.0,calibration
0.55,267,97,10801,783,0.7457142857142857,0.00890071572765645,1663.0,0.13918647472380316,FD004,bootstrap_gbr,2,1.0,calibration
0.6,269,99,10799,781,0.7438095238095238,0.009084235639566894,1661.0,0.13901908269166388,FD004,bootstrap_gbr,2,1.0,calibration
0.65,271,102,10796,779,0.741904761904762,0.009359515507432557,1660.0,0.13893538667559424,FD004,bootstrap_gbr,2,1.0,calibration
0.7,273,104,10794,777,0.74,0.009543035419342998,1658.0,0.13876799464345496,FD004,bootstrap_gbr,2,1.0,calibration
0.75,276,104,10794,774,0.7371428571428571,0.009543035419342998,1652.0,0.13826581854703715,FD004,bootstrap_gbr,2,1.0,calibration
0.8,281,104,10794,769,0.7323809523809524,0.009543035419342998,1642.0,0.1374288583863408,FD004,bootstrap_gbr,2,1.0,calibration
0.85,286,107,10791,764,0.7276190476190476,0.009818315287208662,1635.0,0.13684298627385336,FD004,bootstrap_gbr,2,1.0,calibration
0.9,290,107,10791,760,0.7238095238095238,0.009818315287208662,1627.0,0.1361734181452963,FD004,bootstrap_gbr,2,1.0,calibration
0.95,292,109,10789,758,0.7219047619047619,0.010001835199119104,1625.0,0.136006026113157,FD004,bootstrap_gbr,2,1.0,calibration
1.0,296,111,10787,754,0.7180952380952381,0.010185355111029547,1619.0,0.1355038500167392,FD004,bootstrap_gbr,2,1.0,calibration
1.05,301,113,10785,749,0.7133333333333334,0.01036887502293999,1611.0,0.1348342818881821,FD004,bootstrap_gbr,2,1.0,calibration
1.1,303,116,10782,747,0.7114285714285714,0.010644154890805653,1610.0,0.1347505858721125,FD004,bootstrap_gbr,2,1.0,calibration
1.15,307,119,10779,743,0.7076190476190476,0.010919434758671315,1605.0,0.1343321057917643,FD004,bootstrap_gbr,2,1.0,calibration
1.2,308,120,10778,742,0.7066666666666667,0.011011194714626537,1604.0,0.1342484097756947,FD004,bootstrap_gbr,2,1.0,calibration
1.25,312,122,10776,738,0.7028571428571428,0.01119471462653698,1598.0,0.13374623367927688,FD004,bootstrap_gbr,2,1.0,calibration
1.3,314,123,10775,736,0.700952380952381,0.0112864745824922,1595.0,0.13349514563106796,FD004,bootstrap_gbr,2,1.0,calibration
1.35,315,123,10775,735,0.7,0.0112864745824922,1593.0,0.13332775359892868,FD004,bootstrap_gbr,2,1.0,calibration
1.4,315,124,10774,735,0.7,0.011378234538447421,1594.0,0.13341144961499832,FD004,bootstrap_gbr,2,1.0,calibration
1.45,316,126,10772,734,0.699047619047619,0.011561754450357864,1594.0,0.13341144961499832,FD004,bootstrap_gbr,2,1.0,calibration
1.5,317,131,10767,733,0.6980952380952381,0.01202055423013397,1597.0,0.13366253766320724,FD004,bootstrap_gbr,2,1.0,calibration
1.55,318,133,10765,732,0.6971428571428572,0.012204074142044411,1597.0,0.13366253766320724,FD004,bootstrap_gbr,2,1.0,calibration
1.6,320,135,10763,730,0.6952380952380952,0.012387594053954855,1595.0,0.13349514563106796,FD004,bootstrap_gbr,2,1.0,calibration
1.65,323,140,10758,727,0.6923809523809524,0.01284639383373096,1594.0,0.13341144961499832,FD004,bootstrap_gbr,2,1.0,calibration
1.7,326,143,10755,724,0.6895238095238095,0.013121673701596623,1591.0,0.13316036156678943,FD004,bootstrap_gbr,2,1.0,calibration
1.75,327,143,10755,723,0.6885714285714286,0.013121673701596623,1589.0,0.13299296953465015,FD004,bootstrap_gbr,2,1.0,calibration
1.8,327,147,10751,723,0.6885714285714286,0.013488713525417508,1593.0,0.13332775359892868,FD004,bootstrap_gbr,2,1.0,calibration
1.85,327,151,10747,723,0.6885714285714286,0.013855753349238392,1597.0,0.13366253766320724,FD004,bootstrap_gbr,2,1.0,calibration
1.9,328,152,10746,722,0.6876190476190476,0.013947513305193613,1596.0,0.1335788416471376,FD004,bootstrap_gbr,2,1.0,calibration
1.95,330,157,10741,720,0.6857142857142857,0.01440631308496972,1597.0,0.13366253766320724,FD004,bootstrap_gbr,2,1.0,calibration
2.0,331,158,10740,719,0.6847619047619048,0.01449807304092494,1596.0,0.1335788416471376,FD004,bootstrap_gbr,2,1.0,calibration
2.05,336,161,10737,714,0.68,0.014773352908790604,1589.0,0.13299296953465015,FD004,bootstrap_gbr,2,1.0,calibration
2.1,339,164,10734,711,0.6771428571428572,0.015048632776656266,1586.0,0.13274188148644125,FD004,bootstrap_gbr,2,1.0,calibration
2.15,340,168,10730,710,0.6761904761904762,0.015415672600477152,1588.0,0.1329092735185805,FD004,bootstrap_gbr,2,1.0,calibration
2.2,342,170,10728,708,0.6742857142857143,0.015599192512387594,1586.0,0.13274188148644125,FD004,bootstrap_gbr,2,1.0,calibration
2.25,347,172,10726,703,0.6695238095238095,0.015782712424298035,1578.0,0.13207231335788416,FD004,bootstrap_gbr,2,1.0,calibration
2.3,352,173,10725,698,0.6647619047619048,0.015874472380253257,1569.0,0.13131904921325746,FD004,bootstrap_gbr,2,1.0,calibration
2.35,355,177,10721,695,0.6619047619047619,0.016241512204074143,1567.0,0.13115165718111818,FD004,bootstrap_gbr,2,1.0,calibration
2.4,357,181,10717,693,0.66,0.016608552027895025,1567.0,0.13115165718111818,FD004,bootstrap_gbr,2,1.0,calibration
2.45,361,186,10712,689,0.6561904761904762,0.017067351807671133,1564.0,0.13090056913290926,FD004,bootstrap_gbr,2,1.0,calibration
2.5,363,189,10709,687,0.6542857142857142,0.017342631675536797,1563.0,0.13081687311683965,FD004,bootstrap_gbr,2,1.0,calibration
2.55,365,192,10706,685,0.6523809523809524,0.01761791154340246,1562.0,0.13073317710077,FD004,bootstrap_gbr,2,1.0,calibration
2.6,370,193,10705,680,0.6476190476190476,0.01770967149935768,1553.0,0.12997991295614328,FD004,bootstrap_gbr,2,1.0,calibration
2.65,371,196,10702,679,0.6466666666666666,0.017984951367223345,1554.0,0.13006360897221292,FD004,bootstrap_gbr,2,1.0,calibration
2.7,374,197,10701,676,0.6438095238095238,0.018076711323178566,1549.0,0.12964512889186475,FD004,bootstrap_gbr,2,1.0,calibration
2.75,377,197,10701,673,0.6409523809523809,0.018076711323178566,1543.0,0.12914295279544694,FD004,bootstrap_gbr,2,1.0,calibration
2.8,382,199,10699,668,0.6361904761904762,0.018260231235089006,1535.0,0.12847338466688984,FD004,bootstrap_gbr,2,1.0,calibration
2.85,383,202,10696,667,0.6352380952380953,0.01853551110295467,1536.0,0.12855708068295948,FD004,bootstrap_gbr,2,1.0,calibration
2.9,387,204,10694,663,0.6314285714285715,0.018719031014865113,1530.0,0.12805490458654167,FD004,bootstrap_gbr,2,1.0,calibration
2.95,391,213,10685,659,0.6276190476190476,0.019544870618462103,1531.0,0.1281386006026113,FD004,bootstrap_gbr,2,1.0,calibration
3.0,395,216,10682,655,0.6238095238095238,0.019820150486327768,1526.0,0.12772012052226314,FD004,bootstrap_gbr,2,1.0,calibration
3.05,399,218,10680,651,0.62,0.020003670398238207,1520.0,0.12721794442584533,FD004,bootstrap_gbr,2,1.0,calibration
3.1,405,220,10678,645,0.6142857142857143,0.02018719031014865,1510.0,0.126380984265149,FD004,bootstrap_gbr,2,1.0,calibration
3.15,407,225,10673,643,0.6123809523809524,0.020645990089924758,1511.0,0.12646468028121863,FD004,bootstrap_gbr,2,1.0,calibration
3.2,409,231,10667,641,0.6104761904761905,0.021196549825656084,1513.0,0.12663207231335788,FD004,bootstrap_gbr,2,1.0,calibration
3.25,411,235,10663,639,0.6085714285714285,0.02156358964947697,1513.0,0.12663207231335788,FD004,bootstrap_gbr,2,1.0,calibration
3.3,413,239,10659,637,0.6066666666666667,0.021930629473297852,1513.0,0.12663207231335788,FD004,bootstrap_gbr,2,1.0,calibration
3.35,417,240,10658,633,0.6028571428571429,0.022022389429253074,1506.0,0.12604620020087043,FD004,bootstrap_gbr,2,1.0,calibration
3.4,419,245,10653,631,0.6009523809523809,0.022481189209029178,1507.0,0.12612989621694007,FD004,bootstrap_gbr,2,1.0,calibration
3.45,423,249,10649,627,0.5971428571428572,0.022848229032850064,1503.0,0.12579511215266154,FD004,bootstrap_gbr,2,1.0,calibration
3.5,426,250,10648,624,0.5942857142857143,0.022939988988805286,1498.0,0.12537663207231337,FD004,bootstrap_gbr,2,1.0,calibration
3.55,432,254,10644,618,0.5885714285714285,0.023307028812626168,1490.0,0.12470706394375627,FD004,bootstrap_gbr,2,1.0,calibration
3.6,436,257,10641,614,0.5847619047619048,0.023582308680491833,1485.0,0.1242885838634081,FD004,bootstrap_gbr,2,1.0,calibration
3.65,440,263,10635,610,0.580952380952381,0.024132868416223162,1483.0,0.12412119183126884,FD004,bootstrap_gbr,2,1.0,calibration
3.7,442,270,10628,608,0.579047619047619,0.02477518810790971,1486.0,0.12437227987947774,FD004,bootstrap_gbr,2,1.0,calibration
3.75,447,275,10623,603,0.5742857142857143,0.025233987887685813,1481.0,0.12395379979912956,FD004,bootstrap_gbr,2,1.0,calibration
3.8,450,279,10619,600,0.5714285714285714,0.0256010277115067,1479.0,0.12378640776699029,FD004,bootstrap_gbr,2,1.0,calibration
3.85,452,284,10614,598,0.5695238095238095,0.026059827491282803,1480.0,0.12387010378305993,FD004,bootstrap_gbr,2,1.0,calibration
3.9,453,286,10612,597,0.5685714285714286,0.026243347403193246,1480.0,0.12387010378305993,FD004,bootstrap_gbr,2,1.0,calibration
3.95,455,289,10609,595,0.5666666666666667,0.02651862727105891,1479.0,0.12378640776699029,FD004,bootstrap_gbr,2,1.0,calibration
4.0,458,293,10605,592,0.5638095238095238,0.026885667094879794,1477.0,0.12361901573485103,FD004,bootstrap_gbr,2,1.0,calibration
4.05,466,299,10599,584,0.5561904761904762,0.027436226830611123,1467.0,0.12278205557415467,FD004,bootstrap_gbr,2,1.0,calibration
4.1,469,305,10593,581,0.5533333333333333,0.027986786566342448,1467.0,0.12278205557415467,FD004,bootstrap_gbr,2,1.0,calibration
4.15,471,310,10588,579,0.5514285714285714,0.028445586346118552,1468.0,0.12286575159022431,FD004,bootstrap_gbr,2,1.0,calibration
4.2,474,318,10580,576,0.5485714285714286,0.029179665993760324,1470.0,0.12303314362236357,FD004,bootstrap_gbr,2,1.0,calibration
4.25,475,323,10575,575,0.5476190476190477,0.02963846577353643,1473.0,0.12328423167057248,FD004,bootstrap_gbr,2,1.0,calibration
4.3,478,324,10574,572,0.5447619047619048,0.02973022572949165,1468.0,0.12286575159022431,FD004,bootstrap_gbr,2,1.0,calibration
4.35,485,332,10566,565,0.5380952380952381,0.03046430537713342,1462.0,0.1223635754938065,FD004,bootstrap_gbr,2,1.0,calibration
4.4,487,342,10556,563,0.5361904761904762,0.03138190493668563,1468.0,0.12286575159022431,FD004,bootstrap_gbr,2,1.0,calibration
4.45,491,349,10549,559,0.5323809523809524,0.03202422462837218,1467.0,0.12278205557415467,FD004,bootstrap_gbr,2,1.0,calibration
4.5,495,355,10543,555,0.5285714285714286,0.03257478436410351,1465.0,0.1226146635420154,FD004,bootstrap_gbr,2,1.0,calibration
4.55,499,360,10538,551,0.5247619047619048,0.033033584143879614,1462.0,0.1223635754938065,FD004,bootstrap_gbr,2,1.0,calibration
4.6,504,369,10529,546,0.52,0.0338594237474766,1461.0,0.12227987947773686,FD004,bootstrap_gbr,2,1.0,calibration
4.65,513,376,10522,537,0.5114285714285715,0.03450174343916315,1450.0,0.12135922330097088,FD004,bootstrap_gbr,2,1.0,calibration
4.7,522,380,10518,528,0.5028571428571429,0.03486878326298403,1436.0,0.12018747907599599,FD004,bootstrap_gbr,2,1.0,calibration
4.75,526,385,10513,524,0.4990476190476191,0.03532758304276014,1433.0,0.11993639102778708,FD004,bootstrap_gbr,2,1.0,calibration
4.8,532,390,10508,518,0.49333333333333335,0.035786382822536246,1426.0,0.11935051891529963,FD004,bootstrap_gbr,2,1.0,calibration
4.85,538,398,10500,512,0.4876190476190476,0.03652046247017801,1422.0,0.11901573485102108,FD004,bootstrap_gbr,2,1.0,calibration
4.9,542,403,10495,508,0.4838095238095238,0.03697926224995412,1419.0,0.11876464680281218,FD004,bootstrap_gbr,2,1.0,calibration
4.95,555,409,10489,495,0.4714285714285714,0.03752982198568545,1399.0,0.11709072648141948,FD004,bootstrap_gbr,2,1.0,calibration
5.0,558,417,10481,492,0.4685714285714286,0.03826390163332721,1401.0,0.11725811851355876,FD004,bootstrap_gbr,2,1.0,calibration
5.05,564,421,10477,486,0.46285714285714286,0.0386309414571481,1393.0,0.11658855038500167,FD004,bootstrap_gbr,2,1.0,calibration
5.1,571,436,10462,479,0.4561904761904762,0.040007340796476415,1394.0,0.11667224640107131,FD004,bootstrap_gbr,2,1.0,calibration
5.15,575,447,10451,475,0.4523809523809524,0.04101670031198385,1397.0,0.11692333444928021,FD004,bootstrap_gbr,2,1.0,calibration
5.2,579,453,10445,471,0.44857142857142857,0.041567260047715174,1395.0,0.11675594241714095,FD004,bootstrap_gbr,2,1.0,calibration
5.25,584,461,10437,466,0.4438095238095238,0.042301339695356946,1393.0,0.11658855038500167,FD004,bootstrap_gbr,2,1.0,calibration
5.3,587,465,10433,463,0.44095238095238093,0.04266837951917783,1391.0,0.1164211583528624,FD004,bootstrap_gbr,2,1.0,calibration
5.35,588,473,10425,462,0.44,0.0434024591668196,1397.0,0.11692333444928021,FD004,bootstrap_gbr,2,1.0,calibration
5.4,592,478,10420,458,0.4361904761904762,0.043861258946595705,1394.0,0.11667224640107131,FD004,bootstrap_gbr,2,1.0,calibration
5.45,592,483,10415,458,0.4361904761904762,0.04432005872637181,1399.0,0.11709072648141948,FD004,bootstrap_gbr,2,1.0,calibration
5.5,594,491,10407,456,0.4342857142857143,0.04505413837401358,1403.0,0.11742551054569803,FD004,bootstrap_gbr,2,1.0,calibration
5.55,598,499,10399,452,0.43047619047619046,0.04578821802165535,1403.0,0.11742551054569803,FD004,bootstrap_gbr,2,1.0,calibration
5.6,606,507,10391,444,0.4228571428571429,0.04652229766929712,1395.0,0.11675594241714095,FD004,bootstrap_gbr,2,1.0,calibration
5.65,615,517,10381,435,0.4142857142857143,0.04743989722884933,1387.0,0.11608637428858386,FD004,bootstrap_gbr,2,1.0,calibration
5.7,623,526,10372,427,0.4066666666666667,0.048265736832446324,1380.0,0.11550050217609642,FD004,bootstrap_gbr,2,1.0,calibration
5.75,628,534,10364,422,0.40190476190476193,0.04899981648008809,1378.0,0.11533311014395715,FD004,bootstrap_gbr,2,1.0,calibration
5.8,633,546,10352,417,0.39714285714285713,0.05010093595155074,1380.0,0.11550050217609642,FD004,bootstrap_gbr,2,1.0,calibration
5.85,639,555,10343,411,0.3914285714285714,0.050926775555147734,1377.0,0.11524941412788751,FD004,bootstrap_gbr,2,1.0,calibration
5.9,641,568,10330,409,0.38952380952380955,0.05211965498256561,1386.0,0.11600267827251423,FD004,bootstrap_gbr,2,1.0,calibration
5.95,648,576,10322,402,0.38285714285714284,0.05285373463020738,1380.0,0.11550050217609642,FD004,bootstrap_gbr,2,1.0,calibration
6.0,653,584,10314,397,0.3780952380952381,0.053587814277849144,1378.0,0.11533311014395715,FD004,bootstrap_gbr,2,1.0,calibration
0.0,233,77,10821,817,0.7780952380952381,0.007065516608552028,4162.0,0.3483428188818212,FD004,bootstrap_gbr,5,1.0,calibration
0.05,241,77,10821,809,0.7704761904761904,0.007065516608552028,4122.0,0.3449949782390358,FD004,bootstrap_gbr,5,1.0,calibration
0.1,243,78,10820,807,0.7685714285714286,0.007157276564507249,4113.0,0.3442417140944091,FD004,bootstrap_gbr,5,1.0,calibration
0.15,244,78,10820,806,0.7676190476190476,0.007157276564507249,4108.0,0.34382323401406095,FD004,bootstrap_gbr,5,1.0,calibration
0.2,247,82,10816,803,0.7647619047619048,0.007524316388328133,4097.0,0.34290257783729494,FD004,bootstrap_gbr,5,1.0,calibration
0.25,249,85,10813,801,0.7628571428571429,0.007799596256193797,4090.0,0.3423167057248075,FD004,bootstrap_gbr,5,1.0,calibration
0.3,252,88,10810,798,0.76,0.00807487612405946,4078.0,0.34131235353197187,FD004,bootstrap_gbr,5,1.0,calibration
0.35,255,90,10808,795,0.7571428571428571,0.008258396035969904,4065.0,0.34022430532306663,FD004,bootstrap_gbr,5,1.0,calibration
0.4,257,92,10806,793,0.7552380952380953,0.008441915947880345,4057.0,0.3395547371945095,FD004,bootstrap_gbr,5,1.0,calibration
0.45,258,93,10805,792,0.7542857142857143,0.008533675903835566,4053.0,0.339219953130231,FD004,bootstrap_gbr,5,1.0,calibration
0.5,261,96,10802,789,0.7514285714285714,0.00880895577170123,4041.0,0.3382156009373954,FD004,bootstrap_gbr,5,1.0,calibration
0.55,267,97,10801,783,0.7457142857142857,0.00890071572765645,4012.0,0.335788416471376,FD004,bootstrap_gbr,5,1.0,calibration
0.6,269,99,10799,781,0.7438095238095238,0.009084235639566894,4004.0,0.3351188483428189,FD004,bootstrap_gbr,5,1.0,calibration
0.65,271,102,10796,779,0.741904761904762,0.009359515507432557,3997.0,0.33453297623033146,FD004,bootstrap_gbr,5,1.0,calibration
0.7,273,104,10794,777,0.74,0.009543035419342998,3989.0,0.33386340810177434,FD004,bootstrap_gbr,5,1.0,calibration
0.75,276,104,10794,774,0.7371428571428571,0.009543035419342998,3974.0,0.3326079678607298,FD004,bootstrap_gbr,5,1.0,calibration
0.8,281,104,10794,769,0.7323809523809524,0.009543035419342998,3949.0,0.33051556745898897,FD004,bootstrap_gbr,5,1.0,calibration
0.85,286,107,10791,764,0.7276190476190476,0.009818315287208662,3927.0,0.328674255105457,FD004,bootstrap_gbr,5,1.0,calibration
0.9,290,107,10791,760,0.7238095238095238,0.009818315287208662,3907.0,0.32700033478406426,FD004,bootstrap_gbr,5,1.0,calibration
0.95,292,109,10789,758,0.7219047619047619,0.010001835199119104,3899.0,0.3263307666555072,FD004,bootstrap_gbr,5,1.0,calibration
1.0,296,111,10787,754,0.7180952380952381,0.010185355111029547,3881.0,0.3248242383662538,FD004,bootstrap_gbr,5,1.0,calibration
1.05,301,113,10785,749,0.7133333333333334,0.01036887502293999,3858.0,0.32289922999665216,FD004,bootstrap_gbr,5,1.0,calibration
1.1,303,116,10782,747,0.7114285714285714,0.010644154890805653,3851.0,0.3223133578841647,FD004,bootstrap_gbr,5,1.0,calibration
1.15,307,119,10779,743,0.7076190476190476,0.010919434758671315,3834.0,0.3208905256109809,FD004,bootstrap_gbr,5,1.0,calibration
1.2,308,120,10778,742,0.7066666666666667,0.011011194714626537,3830.0,0.32055574154670236,FD004,bootstrap_gbr,5,1.0,calibration
1.25,312,122,10776,738,0.7028571428571428,0.01119471462653698,3812.0,0.31904921325744895,FD004,bootstrap_gbr,5,1.0,calibration
1.3,314,123,10775,736,0.700952380952381,0.0112864745824922,3803.0,0.3182959491128222,FD004,bootstrap_gbr,5,1.0,calibration
1.35,315,123,10775,735,0.7,0.0112864745824922,3798.0,0.31787746903247405,FD004,bootstrap_gbr,5,1.0,calibration
1.4,315,124,10774,735,0.7,0.011378234538447421,3799.0,0.3179611650485437,FD004,bootstrap_gbr,5,1.0,calibration
1.45,316,126,10772,734,0.699047619047619,0.011561754450357864,3796.0,0.31771007700033477,FD004,bootstrap_gbr,5,1.0,calibration
1.5,317,131,10767,733,0.6980952380952381,0.01202055423013397,3796.0,0.31771007700033477,FD004,bootstrap_gbr,5,1.0,calibration
1.55,318,133,10765,732,0.6971428571428572,0.012204074142044411,3793.0,0.3174589889521259,FD004,bootstrap_gbr,5,1.0,calibration
1.6,320,135,10763,730,0.6952380952380952,0.012387594053954855,3785.0,0.3167894208235688,FD004,bootstrap_gbr,5,1.0,calibration
1.65,323,140,10758,727,0.6923809523809524,0.01284639383373096,3775.0,0.31595246066287247,FD004,bootstrap_gbr,5,1.0,calibration
1.7,326,143,10755,724,0.6895238095238095,0.013121673701596623,3763.0,0.31494810847003685,FD004,bootstrap_gbr,5,1.0,calibration
1.75,327,143,10755,723,0.6885714285714286,0.013121673701596623,3758.0,0.3145296283896887,FD004,bootstrap_gbr,5,1.0,calibration
1.8,327,147,10751,723,0.6885714285714286,0.013488713525417508,3762.0,0.3148644124539672,FD004,bootstrap_gbr,5,1.0,calibration
1.85,327,151,10747,723,0.6885714285714286,0.013855753349238392,3766.0,0.31519919651824574,FD004,bootstrap_gbr,5,1.0,calibration
1.9,328,152,10746,722,0.6876190476190476,0.013947513305193613,3762.0,0.3148644124539672,FD004,bootstrap_gbr,5,1.0,calibration
1.95,330,157,10741,720,0.6857142857142857,0.01440631308496972,3757.0,0.314445932373619,FD004,bootstrap_gbr,5,1.0,calibration
2.0,331,158,10740,719,0.6847619047619048,0.01449807304092494,3753.0,0.31411114830934045,FD004,bootstrap_gbr,5,1.0,calibration
2.05,336,161,10737,714,0.68,0.014773352908790604,3731.0,0.3122698359558085,FD004,bootstrap_gbr,5,1.0,calibration
2.1,339,164,10734,711,0.6771428571428572,0.015048632776656266,3719.0,0.31126548376297286,FD004,bootstrap_gbr,5,1.0,calibration
2.15,340,168,10730,710,0.6761904761904762,0.015415672600477152,3718.0,0.31118178774690325,FD004,bootstrap_gbr,5,1.0,calibration
2.2,342,170,10728,708,0.6742857142857143,0.015599192512387594,3710.0,0.3105122196183462,FD004,bootstrap_gbr,5,1.0,calibration
2.25,347,172,10726,703,0.6695238095238095,0.015782712424298035,3687.0,0.30858721124874455,FD004,bootstrap_gbr,5,1.0,calibration
2.3,352,173,10725,698,0.6647619047619048,0.015874472380253257,3663.0,0.3065785068630733,FD004,bootstrap_gbr,5,1.0,calibration
2.35,355,177,10721,695,0.6619047619047619,0.016241512204074143,3652.0,0.30565785068630735,FD004,bootstrap_gbr,5,1.0,calibration
2.4,357,181,10717,693,0.66,0.016608552027895025,3646.0,0.3051556745898895,FD004,bootstrap_gbr,5,1.0,calibration
2.45,361,186,10712,689,0.6561904761904762,0.017067351807671133,3631.0,0.303900234348845,FD004,bootstrap_gbr,5,1.0,calibration
2.5,363,189,10709,687,0.6542857142857142,0.017342631675536797,3624.0,0.30331436223635755,FD004,bootstrap_gbr,5,1.0,calibration
2.55,365,192,10706,685,0.6523809523809524,0.01761791154340246,3617.0,0.3027284901238701,FD004,bootstrap_gbr,5,1.0,calibration
2.6,370,193,10705,680,0.6476190476190476,0.01770967149935768,3593.0,0.30071978573819885,FD004,bootstrap_gbr,5,1.0,calibration
2.65,371,196,10702,679,0.6466666666666666,0.017984951367223345,3591.0,0.3005523937060596,FD004,bootstrap_gbr,5,1.0,calibration
2.7,374,197,10701,676,0.6438095238095238,0.018076711323178566,3577.0,0.2993806494810847,FD004,bootstrap_gbr,5,1.0,calibration
2.75,377,197,10701,673,0.6409523809523809,0.018076711323178566,3562.0,0.29812520924004016,FD004,bootstrap_gbr,5,1.0,calibration
2.8,382,199,10699,668,0.6361904761904762,0.018260231235089006,3539.0,0.2962002008704386,FD004,bootstrap_gbr,5,1.0,calibration
2.85,383,202,10696,667,0.6352380952380953,0.01853551110295467,3537.0,0.2960328088382993,FD004,bootstrap_gbr,5,1.0,calibration
2.9,387,204,10694,663,0.6314285714285715,0.018719031014865113,3519.0,0.29452628054904584,FD004,bootstrap_gbr,5,1.0,calibration
2.95,391,213,10685,659,0.6276190476190476,0.019544870618462103,3508.0,0.2936056243722799,FD004,bootstrap_gbr,5,1.0,calibration
3.0,395,216,10682,655,0.6238095238095238,0.019820150486327768,3491.0,0.2921827920990961,FD004,bootstrap_gbr,5,1.0,calibration
3.05,399,218,10680,651,0.62,0.020003670398238207,3473.0,0.2906762638098426,FD004,bootstrap_gbr,5,1.0,calibration
3.1,405,220,10678,645,0.6142857142857143,0.02018719031014865,3445.0,0.2883327753598929,FD004,bootstrap_gbr,5,1.0,calibration
3.15,407,225,10673,643,0.6123809523809524,0.020645990089924758,3440.0,0.2879142952795447,FD004,bootstrap_gbr,5,1.0,calibration
3.2,409,231,10667,641,0.6104761904761905,0.021196549825656084,3436.0,0.28757951121526615,FD004,bootstrap_gbr,5,1.0,calibration
3.25,411,235,10663,639,0.6085714285714285,0.02156358964947697,3430.0,0.28707733511884836,FD004,bootstrap_gbr,5,1.0,calibration
3.3,413,239,10659,637,0.6066666666666667,0.021930629473297852,3424.0,0.2865751590224305,FD004,bootstrap_gbr,5,1.0,calibration
3.35,417,240,10658,633,0.6028571428571429,0.022022389429253074,3405.0,0.28498493471710745,FD004,bootstrap_gbr,5,1.0,calibration
3.4,419,245,10653,631,0.6009523809523809,0.022481189209029178,3400.0,0.2845664546367593,FD004,bootstrap_gbr,5,1.0,calibration
3.45,423,249,10649,627,0.5971428571428572,0.022848229032850064,3384.0,0.28322731837964515,FD004,bootstrap_gbr,5,1.0,calibration
3.5,426,250,10648,624,0.5942857142857143,0.022939988988805286,3370.0,0.28205557415467025,FD004,bootstrap_gbr,5,1.0,calibration
3.55,432,254,10644,618,0.5885714285714285,0.023307028812626168,3344.0,0.2798794777368597,FD004,bootstrap_gbr,5,1.0,calibration
3.6,436,257,10641,614,0.5847619047619048,0.023582308680491833,3327.0,0.27845664546367593,FD004,bootstrap_gbr,5,1.0,calibration
3.65,440,263,10635,610,0.580952380952381,0.024132868416223162,3313.0,0.27728490123870103,FD004,bootstrap_gbr,5,1.0,calibration
3.7,442,270,10628,608,0.579047619047619,0.02477518810790971,3310.0,0.27703381319049214,FD004,bootstrap_gbr,5,1.0,calibration
3.75,447,275,10623,603,0.5742857142857143,0.025233987887685813,3290.0,0.27535989286909945,FD004,bootstrap_gbr,5,1.0,calibration
3.8,450,279,10619,600,0.5714285714285714,0.0256010277115067,3279.0,0.27443923669233344,FD004,bootstrap_gbr,5,1.0,calibration
3.85,452,284,10614,598,0.5695238095238095,0.026059827491282803,3274.0,0.27402075661198527,FD004,bootstrap_gbr,5,1.0,calibration
3.9,453,286,10612,597,0.5685714285714286,0.026243347403193246,3271.0,0.2737696685637764,FD004,bootstrap_gbr,5,1.0,calibration
3.95,455,289,10609,595,0.5666666666666667,0.02651862727105891,3264.0,0.27318379645128893,FD004,bootstrap_gbr,5,1.0,calibration
4.0,458,293,10605,592,0.5638095238095238,0.026885667094879794,3253.0,0.2722631402745229,FD004,bootstrap_gbr,5,1.0,calibration
4.05,466,299,10599,584,0.5561904761904762,0.027436226830611123,3219.0,0.26941747572815533,FD004,bootstrap_gbr,5,1.0,calibration
4.1,469,305,10593,581,0.5533333333333333,0.027986786566342448,3210.0,0.2686642115835286,FD004,bootstrap_gbr,5,1.0,calibration
4.15,471,310,10588,579,0.5514285714285714,0.028445586346118552,3205.0,0.26824573150318043,FD004,bootstrap_gbr,5,1.0,calibration
4.2,474,318,10580,576,0.5485714285714286,0.029179665993760324,3198.0,0.267659859390693,FD004,bootstrap_gbr,5,1.0,calibration
4.25,475,323,10575,575,0.5476190476190477,0.02963846577353643,3198.0,0.267659859390693,FD004,bootstrap_gbr,5,1.0,calibration
4.3,478,324,10574,572,0.5447619047619048,0.02973022572949165,3184.0,0.26648811516571813,FD004,bootstrap_gbr,5,1.0,calibration
4.35,485,332,10566,565,0.5380952380952381,0.03046430537713342,3157.0,0.26422832273183794,FD004,bootstrap_gbr,5,1.0,calibration
4.4,487,342,10556,563,0.5361904761904762,0.03138190493668563,3157.0,0.26422832273183794,FD004,bootstrap_gbr,5,1.0,calibration
4.45,491,349,10549,559,0.5323809523809524,0.03202422462837218,3144.0,0.2631402745229327,FD004,bootstrap_gbr,5,1.0,calibration
4.5,495,355,10543,555,0.5285714285714286,0.03257478436410351,3130.0,0.2619685302979578,FD004,bootstrap_gbr,5,1.0,calibration
4.55,499,360,10538,551,0.5247619047619048,0.033033584143879614,3115.0,0.2607130900569133,FD004,bootstrap_gbr,5,1.0,calibration
4.6,504,369,10529,546,0.52,0.0338594237474766,3099.0,0.2593739537997991,FD004,bootstrap_gbr,5,1.0,calibration
4.65,513,376,10522,537,0.5114285714285715,0.03450174343916315,3061.0,0.256193505189153,FD004,bootstrap_gbr,5,1.0,calibration
4.7,522,380,10518,528,0.5028571428571429,0.03486878326298403,3020.0,0.252761968530298,FD004,bootstrap_gbr,5,1.0,calibration
4.75,526,385,10513,524,0.4990476190476191,0.03532758304276014,3005.0,0.2515065282892534,FD004,bootstrap_gbr,5,1.0,calibration
4.8,532,390,10508,518,0.49333333333333335,0.035786382822536246,2980.0,0.24941412788751255,FD004,bootstrap_gbr,5,1.0,calibration
4.85,538,398,10500,512,0.4876190476190476,0.03652046247017801,2958.0,0.24757281553398058,FD004,bootstrap_gbr,5,1.0,calibration
4.9,542,403,10495,508,0.4838095238095238,0.03697926224995412,2943.0,0.24631737529293607,FD004,bootstrap_gbr,5,1.0,calibration
4.95,555,409,10489,495,0.4714285714285714,0.03752982198568545,2884.0,0.2413793103448276,FD004,bootstrap_gbr,5,1.0,calibration
5.0,558,417,10481,492,0.4685714285714286,0.03826390163332721,2877.0,0.24079343823234015,FD004,bootstrap_gbr,5,1.0,calibration
5.05,564,421,10477,486,0.46285714285714286,0.0386309414571481,2851.0,0.23861734181452962,FD004,bootstrap_gbr,5,1.0,calibration
5.1,571,436,10462,479,0.4561904761904762,0.040007340796476415,2831.0,0.23694342149313694,FD004,bootstrap_gbr,5,1.0,calibration
5.15,575,447,10451,475,0.4523809523809524,0.04101670031198385,2822.0,0.2361901573485102,FD004,bootstrap_gbr,5,1.0,calibration
5.2,579,453,10445,471,0.44857142857142857,0.041567260047715174,2808.0,0.23501841312353533,FD004,bootstrap_gbr,5,1.0,calibration
5.25,584,461,10437,466,0.4438095238095238,0.042301339695356946,2791.0,0.23359558085035154,FD004,bootstrap_gbr,5,1.0,calibration
5.3,587,465,10433,463,0.44095238095238093,0.04266837951917783,2780.0,0.23267492467358553,FD004,bootstrap_gbr,5,1.0,calibration
5.35,588,473,10425,462,0.44,0.0434024591668196,2783.0,0.23292601272179445,FD004,bootstrap_gbr,5,1.0,calibration
5.4,592,478,10420,458,0.4361904761904762,0.043861258946595705,2768.0,0.2316705724807499,FD004,bootstrap_gbr,5,1.0,calibration
5.45,592,483,10415,458,0.4361904761904762,0.04432005872637181,2773.0,0.2320890525610981,FD004,bootstrap_gbr,5,1.0,calibration
5.5,594,491,10407,456,0.4342857142857143,0.04505413837401358,2771.0,0.23192166052895882,FD004,bootstrap_gbr,5,1.0,calibration
5.55,598,499,10399,452,0.43047619047619046,0.04578821802165535,2759.0,0.2309173083361232,FD004,bootstrap_gbr,5,1.0,calibration
5.6,606,507,10391,444,0.4228571428571429,0.04652229766929712,2727.0,0.22823903582189486,FD004,bootstrap_gbr,5,1.0,calibration
5.65,615,517,10381,435,0.4142857142857143,0.04743989722884933,2692.0,0.22530967525945764,FD004,bootstrap_gbr,5,1.0,calibration
5.7,623,526,10372,427,0.4066666666666667,0.048265736832446324,2661.0,0.22271509876129897,FD004,bootstrap_gbr,5,1.0,calibration
5.75,628,534,10364,422,0.40190476190476193,0.04899981648008809,2644.0,0.22129226648811517,FD004,bootstrap_gbr,5,1.0,calibration
5.8,633,546,10352,417,0.39714285714285713,0.05010093595155074,2631.0,0.2202042182792099,FD004,bootstrap_gbr,5,1.0,calibration
5.85,639,555,10343,411,0.3914285714285714,0.050926775555147734,2610.0,0.21844660194174756,FD004,bootstrap_gbr,5,1.0,calibration
5.9,641,568,10330,409,0.38952380952380955,0.05211965498256561,2613.0,0.21869768998995648,FD004,bootstrap_gbr,5,1.0,calibration
5.95,648,576,10322,402,0.38285714285714284,0.05285373463020738,2586.0,0.21643789755607634,FD004,bootstrap_gbr,5,1.0,calibration
6.0,653,584,10314,397,0.3780952380952381,0.053587814277849144,2569.0,0.21501506528289255,FD004,bootstrap_gbr,5,1.0,calibration
0.0,233,77,10821,817,0.7780952380952381,0.007065516608552028,8247.0,0.6902410445262805,FD004,bootstrap_gbr,10,1.0,calibration
0.05,241,77,10821,809,0.7704761904761904,0.007065516608552028,8167.0,0.6835453632407097,FD004,bootstrap_gbr,10,1.0,calibration
0.1,243,78,10820,807,0.7685714285714286,0.007157276564507249,8148.0,0.6819551389353867,FD004,bootstrap_gbr,10,1.0,calibration
0.15,244,78,10820,806,0.7676190476190476,0.007157276564507249,8138.0,0.6811181787746903,FD004,bootstrap_gbr,10,1.0,calibration
0.2,247,82,10816,803,0.7647619047619048,0.007524316388328133,8112.0,0.6789420823568798,FD004,bootstrap_gbr,10,1.0,calibration
0.25,249,85,10813,801,0.7628571428571429,0.007799596256193797,8095.0,0.6775192500836961,FD004,bootstrap_gbr,10,1.0,calibration
0.3,252,88,10810,798,0.76,0.00807487612405946,8068.0,0.6752594576498159,FD004,bootstrap_gbr,10,1.0,calibration
0.35,255,90,10808,795,0.7571428571428571,0.008258396035969904,8040.0,0.6729159691998661,FD004,bootstrap_gbr,10,1.0,calibration
0.4,257,92,10806,793,0.7552380952380953,0.008441915947880345,8022.0,0.6714094409106126,FD004,bootstrap_gbr,10,1.0,calibration
0.45,258,93,10805,792,0.7542857142857143,0.008533675903835566,8013.0,0.670656176765986,FD004,bootstrap_gbr,10,1.0,calibration
0.5,261,96,10802,789,0.7514285714285714,0.00880895577170123,7986.0,0.6683963843321058,FD004,bootstrap_gbr,10,1.0,calibration
0.55,267,97,10801,783,0.7457142857142857,0.00890071572765645,7927.0,0.6634583193839974,FD004,bootstrap_gbr,10,1.0,calibration
0.6,269,99,10799,781,0.7438095238095238,0.009084235639566894,7909.0,0.6619517910947439,FD004,bootstrap_gbr,10,1.0,calibration
0.65,271,102,10796,779,0.741904761904762,0.009359515507432557,7892.0,0.66052895882156,FD004,bootstrap_gbr,10,1.0,calibration
0.7,273,104,10794,777,0.74,0.009543035419342998,7874.0,0.6590224305323067,FD004,bootstrap_gbr,10,1.0,calibration
0.75,276,104,10794,774,0.7371428571428571,0.009543035419342998,7844.0,0.6565115500502177,FD004,bootstrap_gbr,10,1.0,calibration
0.8,281,104,10794,769,0.7323809523809524,0.009543035419342998,7794.0,0.6523267492467358,FD004,bootstrap_gbr,10,1.0,calibration
0.85,286,107,10791,764,0.7276190476190476,0.009818315287208662,7747.0,0.648393036491463,FD004,bootstrap_gbr,10,1.0,calibration
0.9,290,107,10791,760,0.7238095238095238,0.009818315287208662,7707.0,0.6450451958486776,FD004,bootstrap_gbr,10,1.0,calibration
0.95,292,109,10789,758,0.7219047619047619,0.010001835199119104,7689.0,0.6435386675594241,FD004,bootstrap_gbr,10,1.0,calibration
1.0,296,111,10787,754,0.7180952380952381,0.010185355111029547,7651.0,0.6403582189487781,FD004,bootstrap_gbr,10,1.0,calibration
1.05,301,113,10785,749,0.7133333333333334,0.01036887502293999,7603.0,0.6363408101774356,FD004,bootstrap_gbr,10,1.0,calibration
1.1,303,116,10782,747,0.7114285714285714,0.010644154890805653,7586.0,0.6349179779042518,FD004,bootstrap_gbr,10,1.0,calibration
1.15,307,119,10779,743,0.7076190476190476,0.010919434758671315,7549.0,0.6318212253096752,FD004,bootstrap_gbr,10,1.0,calibration
1.2,308,120,10778,742,0.7066666666666667,0.011011194714626537,7540.0,0.6310679611650486,FD004,bootstrap_gbr,10,1.0,calibration
1.25,312,122,10776,738,0.7028571428571428,0.01119471462653698,7502.0,0.6278875125544024,FD004,bootstrap_gbr,10,1.0,calibration
1.3,314,123,10775,736,0.700952380952381,0.0112864745824922,7483.0,0.6262972882490794,FD004,bootstrap_gbr,10,1.0,calibration
1.35,315,123,10775,735,0.7,0.0112864745824922,7473.0,0.625460328088383,FD004,bootstrap_gbr,10,1.0,calibration
1.4,315,124,10774,735,0.7,0.011378234538447421,7474.0,0.6255440241044526,FD004,bootstrap_gbr,10,1.0,calibration
1.45,316,126,10772,734,0.699047619047619,0.011561754450357864,7466.0,0.6248744559758955,FD004,bootstrap_gbr,10,1.0,calibration
1.5,317,131,10767,733,0.6980952380952381,0.01202055423013397,7461.0,0.6244559758955474,FD004,bootstrap_gbr,10,1.0,calibration
1.55,318,133,10765,732,0.6971428571428572,0.012204074142044411,7453.0,0.6237864077669902,FD004,bootstrap_gbr,10,1.0,calibration
1.6,320,135,10763,730,0.6952380952380952,0.012387594053954855,7435.0,0.6222798794777369,FD004,bootstrap_gbr,10,1.0,calibration
1.65,323,140,10758,727,0.6923809523809524,0.01284639383373096,7410.0,0.620187479075996,FD004,bootstrap_gbr,10,1.0,calibration
1.7,326,143,10755,724,0.6895238095238095,0.013121673701596623,7383.0,0.6179276866421158,FD004,bootstrap_gbr,10,1.0,calibration
1.75,327,143,10755,723,0.6885714285714286,0.013121673701596623,7373.0,0.6170907264814195,FD004,bootstrap_gbr,10,1.0,calibration
1.8,327,147,10751,723,0.6885714285714286,0.013488713525417508,7377.0,0.617425510545698,FD004,bootstrap_gbr,10,1.0,calibration
1.85,327,151,10747,723,0.6885714285714286,0.013855753349238392,7381.0,0.6177602946099766,FD004,bootstrap_gbr,10,1.0,calibration
1.9,328,152,10746,722,0.6876190476190476,0.013947513305193613,7372.0,0.6170070304653499,FD004,bootstrap_gbr,10,1.0,calibration
1.95,330,157,10741,720,0.6857142857142857,0.01440631308496972,7357.0,0.6157515902243054,FD004,bootstrap_gbr,10,1.0,calibration
2.0,331,158,10740,719,0.6847619047619048,0.01449807304092494,7348.0,0.6149983260796786,FD004,bootstrap_gbr,10,1.0,calibration
2.05,336,161,10737,714,0.68,0.014773352908790604,7301.0,0.6110646133244058,FD004,bootstrap_gbr,10,1.0,calibration
2.1,339,164,10734,711,0.6771428571428572,0.015048632776656266,7274.0,0.6088048208905256,FD004,bootstrap_gbr,10,1.0,calibration
2.15,340,168,10730,710,0.6761904761904762,0.015415672600477152,7268.0,0.6083026447941078,FD004,bootstrap_gbr,10,1.0,calibration
2.2,342,170,10728,708,0.6742857142857143,0.015599192512387594,7250.0,0.6067961165048543,FD004,bootstrap_gbr,10,1.0,calibration
2.25,347,172,10726,703,0.6695238095238095,0.015782712424298035,7202.0,0.6027787077335118,FD004,bootstrap_gbr,10,1.0,calibration
2.3,352,173,10725,698,0.6647619047619048,0.015874472380253257,7153.0,0.5986776029460997,FD004,bootstrap_gbr,10,1.0,calibration
2.35,355,177,10721,695,0.6619047619047619,0.016241512204074143,7127.0,0.5965015065282893,FD004,bootstrap_gbr,10,1.0,calibration
2.4,357,181,10717,693,0.66,0.016608552027895025,7111.0,0.5951623702711751,FD004,bootstrap_gbr,10,1.0,calibration
2.45,361,186,10712,689,0.6561904761904762,0.017067351807671133,7076.0,0.5922330097087378,FD004,bootstrap_gbr,10,1.0,calibration
2.5,363,189,10709,687,0.6542857142857142,0.017342631675536797,7059.0,0.5908101774355541,FD004,bootstrap_gbr,10,1.0,calibration
2.55,365,192,10706,685,0.6523809523809524,0.01761791154340246,7042.0,0.5893873451623702,FD004,bootstrap_gbr,10,1.0,calibration
2.6,370,193,10705,680,0.6476190476190476,0.01770967149935768,6993.0,0.5852862403749581,FD004,bootstrap_gbr,10,1.0,calibration
2.65,371,196,10702,679,0.6466666666666666,0.017984951367223345,6986.0,0.5847003682624707,FD004,bootstrap_gbr,10,1.0,calibration
2.7,374,197,10701,676,0.6438095238095238,0.018076711323178566,6957.0,0.5822731837964513,FD004,bootstrap_gbr,10,1.0,calibration
2.75,377,197,10701,673,0.6409523809523809,0.018076711323178566,6927.0,0.5797623033143622,FD004,bootstrap_gbr,10,1.0,calibration
2.8,382,199,10699,668,0.6361904761904762,0.018260231235089006,6879.0,0.5757448945430198,FD004,bootstrap_gbr,10,1.0,calibration
2.85,383,202,10696,667,0.6352380952380953,0.01853551110295467,6872.0,0.5751590224305323,FD004,bootstrap_gbr,10,1.0,calibration
2.9,387,204,10694,663,0.6314285714285715,0.018719031014865113,6834.0,0.5719785738198861,FD004,bootstrap_gbr,10,1.0,calibration
2.95,391,213,10685,659,0.6276190476190476,0.019544870618462103,6803.0,0.5693839973217275,FD004,bootstrap_gbr,10,1.0,calibration
3.0,395,216,10682,655,0.6238095238095238,0.019820150486327768,6766.0,0.566287244727151,FD004,bootstrap_gbr,10,1.0,calibration
3.05,399,218,10680,651,0.62,0.020003670398238207,6728.0,0.5631067961165048,FD004,bootstrap_gbr,10,1.0,calibration
3.1,405,220,10678,645,0.6142857142857143,0.02018719031014865,6670.0,0.558252427184466,FD004,bootstrap_gbr,10,1.0,calibration
3.15,407,225,10673,643,0.6123809523809524,0.020645990089924758,6655.0,0.5569969869434215,FD004,bootstrap_gbr,10,1.0,calibration
3.2,409,231,10667,641,0.6104761904761905,0.021196549825656084,6641.0,0.5558252427184466,FD004,bootstrap_gbr,10,1.0,calibration
3.25,411,235,10663,639,0.6085714285714285,0.02156358964947697,6625.0,0.5544861064613325,FD004,bootstrap_gbr,10,1.0,calibration
3.3,413,239,10659,637,0.6066666666666667,0.021930629473297852,6609.0,0.5531469702042183,FD004,bootstrap_gbr,10,1.0,calibration
3.35,417,240,10658,633,0.6028571428571429,0.022022389429253074,6570.0,0.5498828255775026,FD004,bootstrap_gbr,10,1.0,calibration
3.4,419,245,10653,631,0.6009523809523809,0.022481189209029178,6555.0,0.5486273853364579,FD004,bootstrap_gbr,10,1.0,calibration
3.45,423,249,10649,627,0.5971428571428572,0.022848229032850064,6519.0,0.5456143287579511,FD004,bootstrap_gbr,10,1.0,calibration
3.5,426,250,10648,624,0.5942857142857143,0.022939988988805286,6490.0,0.5431871442919317,FD004,bootstrap_gbr,10,1.0,calibration
3.55,432,254,10644,618,0.5885714285714285,0.023307028812626168,6434.0,0.5385001673920321,FD004,bootstrap_gbr,10,1.0,calibration
3.6,436,257,10641,614,0.5847619047619048,0.023582308680491833,6397.0,0.5354034147974557,FD004,bootstrap_gbr,10,1.0,calibration
3.65,440,263,10635,610,0.580952380952381,0.024132868416223162,6363.0,0.5325577502510881,FD004,bootstrap_gbr,10,1.0,calibration
3.7,442,270,10628,608,0.579047619047619,0.02477518810790971,6350.0,0.5314697020421828,FD004,bootstrap_gbr,10,1.0,calibration
3.75,447,275,10623,603,0.5742857142857143,0.025233987887685813,6305.0,0.5277033813190493,FD004,bootstrap_gbr,10,1.0,calibration
3.8,450,279,10619,600,0.5714285714285714,0.0256010277115067,6279.0,0.5255272849012387,FD004,bootstrap_gbr,10,1.0,calibration
3.85,452,284,10614,598,0.5695238095238095,0.026059827491282803,6264.0,0.5242718446601942,FD004,bootstrap_gbr,10,1.0,calibration
3.9,453,286,10612,597,0.5685714285714286,0.026243347403193246,6256.0,0.523602276531637,FD004,bootstrap_gbr,10,1.0,calibration
3.95,455,289,10609,595,0.5666666666666667,0.02651862727105891,6239.0,0.5221794442584533,FD004,bootstrap_gbr,10,1.0,calibration
4.0,458,293,10605,592,0.5638095238095238,0.026885667094879794,6213.0,0.5200033478406428,FD004,bootstrap_gbr,10,1.0,calibration
4.05,466,299,10599,584,0.5561904761904762,0.027436226830611123,6139.0,0.5138098426514898,FD004,bootstrap_gbr,10,1.0,calibration
4.1,469,305,10593,581,0.5533333333333333,0.027986786566342448,6115.0,0.5118011382658185,FD004,bootstrap_gbr,10,1.0,calibration
4.15,471,310,10588,579,0.5514285714285714,0.028445586346118552,6100.0,0.510545698024774,FD004,bootstrap_gbr,10,1.0,calibration
4.2,474,318,10580,576,0.5485714285714286,0.029179665993760324,6078.0,0.5087043856712421,FD004,bootstrap_gbr,10,1.0,calibration
4.25,475,323,10575,575,0.5476190476190477,0.02963846577353643,6073.0,0.5082859055908939,FD004,bootstrap_gbr,10,1.0,calibration
4.3,478,324,10574,572,0.5447619047619048,0.02973022572949165,6044.0,0.5058587211248745,FD004,bootstrap_gbr,10,1.0,calibration
4.35,485,332,10566,565,0.5380952380952381,0.03046430537713342,5982.0,0.5006695681285571,FD004,bootstrap_gbr,10,1.0,calibration
4.4,487,342,10556,563,0.5361904761904762,0.03138190493668563,5972.0,0.4998326079678607,FD004,bootstrap_gbr,10,1.0,calibration
4.45,491,349,10549,559,0.5323809523809524,0.03202422462837218,5939.0,0.49707063943756274,FD004,bootstrap_gbr,10,1.0,calibration
4.5,495,355,10543,555,0.5285714285714286,0.03257478436410351,5905.0,0.49422497489119516,FD004,bootstrap_gbr,10,1.0,calibration
4.55,499,360,10538,551,0.5247619047619048,0.033033584143879614,5870.0,0.49129561432875796,FD004,bootstrap_gbr,10,1.0,calibration
4.6,504,369,10529,546,0.52,0.0338594237474766,5829.0,0.4878640776699029,FD004,bootstrap_gbr,10,1.0,calibration
4.65,513,376,10522,537,0.5114285714285715,0.03450174343916315,5746.0,0.48091730833612323,FD004,bootstrap_gbr,10,1.0,calibration
4.7,522,380,10518,528,0.5028571428571429,0.03486878326298403,5660.0,0.4737194509541346,FD004,bootstrap_gbr,10,1.0,calibration
4.75,526,385,10513,524,0.4990476190476191,0.03532758304276014,5625.0,0.47079009039169734,FD004,bootstrap_gbr,10,1.0,calibration
4.8,532,390,10508,518,0.49333333333333335,0.035786382822536246,5570.0,0.46618680950786745,FD004,bootstrap_gbr,10,1.0,calibration
4.85,538,398,10500,512,0.4876190476190476,0.03652046247017801,5518.0,0.4618346166722464,FD004,bootstrap_gbr,10,1.0,calibration
4.9,542,403,10495,508,0.4838095238095238,0.03697926224995412,5483.0,0.45890525610980915,FD004,bootstrap_gbr,10,1.0,calibration
4.95,555,409,10489,495,0.4714285714285714,0.03752982198568545,5359.0,0.4485269501171744,FD004,bootstrap_gbr,10,1.0,calibration
5.0,558,417,10481,492,0.4685714285714286,0.03826390163332721,5337.0,0.44668563776364245,FD004,bootstrap_gbr,10,1.0,calibration
5.05,564,421,10477,486,0.46285714285714286,0.0386309414571481,5281.0,0.4419986608637429,FD004,bootstrap_gbr,10,1.0,calibration
5.1,571,436,10462,479,0.4561904761904762,0.040007340796476415,5226.0,0.43739537997991296,FD004,bootstrap_gbr,10,1.0,calibration
5.15,575,447,10451,475,0.4523809523809524,0.04101670031198385,5197.0,0.43496819551389354,FD004,bootstrap_gbr,10,1.0,calibration
5.2,579,453,10445,471,0.44857142857142857,0.041567260047715174,5163.0,0.43212253096752595,FD004,bootstrap_gbr,10,1.0,calibration
5.25,584,461,10437,466,0.4438095238095238,0.042301339695356946,5121.0,0.42860729829260125,FD004,bootstrap_gbr,10,1.0,calibration
5.3,587,465,10433,463,0.44095238095238093,0.04266837951917783,5095.0,0.4264312018747908,FD004,bootstrap_gbr,10,1.0,calibration
5.35,588,473,10425,462,0.44,0.0434024591668196,5093.0,0.4262638098426515,FD004,bootstrap_gbr,10,1.0,calibration
5.4,592,478,10420,458,0.4361904761904762,0.043861258946595705,5058.0,0.42333444928021424,FD004,bootstrap_gbr,10,1.0,calibration
5.45,592,483,10415,458,0.4361904761904762,0.04432005872637181,5063.0,0.4237529293605624,FD004,bootstrap_gbr,10,1.0,calibration
5.5,594,491,10407,456,0.4342857142857143,0.04505413837401358,5051.0,0.4227485771677268,FD004,bootstrap_gbr,10,1.0,calibration
5.55,598,499,10399,452,0.43047619047619046,0.04578821802165535,5019.0,0.4200703046534985,FD004,bootstrap_gbr,10,1.0,calibration
5.6,606,507,10391,444,0.4228571428571429,0.04652229766929712,4947.0,0.41404419149648475,FD004,bootstrap_gbr,10,1.0,calibration
5.65,615,517,10381,435,0.4142857142857143,0.04743989722884933,4867.0,0.40734851021091395,FD004,bootstrap_gbr,10,1.0,calibration
5.7,623,526,10372,427,0.4066666666666667,0.048265736832446324,4796.0,0.4014060930699699,FD004,bootstrap_gbr,10,1.0,calibration
5.75,628,534,10364,422,0.40190476190476193,0.04899981648008809,4754.0,0.3978908603950452,FD004,bootstrap_gbr,10,1.0,calibration
5.8,633,546,10352,417,0.39714285714285713,0.05010093595155074,4716.0,0.3947104117843991,FD004,bootstrap_gbr,10,1.0,calibration
5.85,639,555,10343,411,0.3914285714285714,0.050926775555147734,4665.0,0.39044191496484765,FD004,bootstrap_gbr,10,1.0,calibration
5.9,641,568,10330,409,0.38952380952380955,0.05211965498256561,4658.0,0.38985604285236025,FD004,bootstrap_gbr,10,1.0,calibration
5.95,648,576,10322,402,0.38285714285714284,0.05285373463020738,4596.0,0.38466688985604286,FD004,bootstrap_gbr,10,1.0,calibration
6.0,653,584,10314,397,0.3780952380952381,0.053587814277849144,4554.0,0.38115165718111815,FD004,bootstrap_gbr,10,1.0,calibration
0.0,233,77,10821,817,0.7780952380952381,0.007065516608552028,16417.0,1.3740374958151993,FD004,bootstrap_gbr,20,1.0,calibration
0.05,241,77,10821,809,0.7704761904761904,0.007065516608552028,16257.0,1.3606461332440576,FD004,bootstrap_gbr,20,1.0,calibration
0.1,243,78,10820,807,0.7685714285714286,0.007157276564507249,16218.0,1.3573819886173417,FD004,bootstrap_gbr,20,1.0,calibration
0.15,244,78,10820,806,0.7676190476190476,0.007157276564507249,16198.0,1.355708068295949,FD004,bootstrap_gbr,20,1.0,calibration
0.2,247,82,10816,803,0.7647619047619048,0.007524316388328133,16142.0,1.3510210913960496,FD004,bootstrap_gbr,20,1.0,calibration
0.25,249,85,10813,801,0.7628571428571429,0.007799596256193797,16105.0,1.347924338801473,FD004,bootstrap_gbr,20,1.0,calibration
0.3,252,88,10810,798,0.76,0.00807487612405946,16048.0,1.343153665885504,FD004,bootstrap_gbr,20,1.0,calibration
0.35,255,90,10808,795,0.7571428571428571,0.008258396035969904,15990.0,1.338299296953465,FD004,bootstrap_gbr,20,1.0,calibration
0.4,257,92,10806,793,0.7552380952380953,0.008441915947880345,15952.0,1.335118848342819,FD004,bootstrap_gbr,20,1.0,calibration
0.45,258,93,10805,792,0.7542857142857143,0.008533675903835566,15933.0,1.3335286240374957,FD004,bootstrap_gbr,20,1.0,calibration
0.5,261,96,10802,789,0.7514285714285714,0.00880895577170123,15876.0,1.3287579511215266,FD004,bootstrap_gbr,20,1.0,calibration
0.55,267,97,10801,783,0.7457142857142857,0.00890071572765645,15757.0,1.31879812520924,FD004,bootstrap_gbr,20,1.0,calibration
0.6,269,99,10799,781,0.7438095238095238,0.009084235639566894,15719.0,1.3156176765985939,FD004,bootstrap_gbr,20,1.0,calibration
0.65,271,102,10796,779,0.741904761904762,0.009359515507432557,15682.0,1.3125209240040174,FD004,bootstrap_gbr,20,1.0,calibration
0.7,273,104,10794,777,0.74,0.009543035419342998,15644.0,1.3093404753933713,FD004,bootstrap_gbr,20,1.0,calibration
0.75,276,104,10794,774,0.7371428571428571,0.009543035419342998,15584.0,1.3043187144291932,FD004,bootstrap_gbr,20,1.0,calibration
0.8,281,104,10794,769,0.7323809523809524,0.009543035419342998,15484.0,1.2959491128222296,FD004,bootstrap_gbr,20,1.0,calibration
0.85,286,107,10791,764,0.7276190476190476,0.009818315287208662,15387.0,1.287830599263475,FD004,bootstrap_gbr,20,1.0,calibration
0.9,290,107,10791,760,0.7238095238095238,0.009818315287208662,15307.0,1.2811349179779044,FD004,bootstrap_gbr,20,1.0,calibration
0.95,292,109,10789,758,0.7219047619047619,0.010001835199119104,15269.0,1.2779544693672582,FD004,bootstrap_gbr,20,1.0,calibration
1.0,296,111,10787,754,0.7180952380952381,0.010185355111029547,15191.0,1.2714261801138267,FD004,bootstrap_gbr,20,1.0,calibration
1.05,301,113,10785,749,0.7133333333333334,0.01036887502293999,15093.0,1.2632239705390023,FD004,bootstrap_gbr,20,1.0,calibration
1.1,303,116,10782,747,0.7114285714285714,0.010644154890805653,15056.0,1.2601272179444258,FD004,bootstrap_gbr,20,1.0,calibration
1.15,307,119,10779,743,0.7076190476190476,0.010919434758671315,14979.0,1.253682624707064,FD004,bootstrap_gbr,20,1.0,calibration
1.2,308,120,10778,742,0.7066666666666667,0.011011194714626537,14960.0,1.2520924004017409,FD004,bootstrap_gbr,20,1.0,calibration
1.25,312,122,10776,738,0.7028571428571428,0.01119471462653698,14882.0,1.2455641111483093,FD004,bootstrap_gbr,20,1.0,calibration
1.3,314,123,10775,736,0.700952380952381,0.0112864745824922,14843.0,1.2422999665215935,FD004,bootstrap_gbr,20,1.0,calibration
1.35,315,123,10775,735,0.7,0.0112864745824922,14823.0,1.2406260462002008,FD004,bootstrap_gbr,20,1.0,calibration
1.4,315,124,10774,735,0.7,0.011378234538447421,14824.0,1.2407097422162705,FD004,bootstrap_gbr,20,1.0,calibration
1.45,316,126,10772,734,0.699047619047619,0.011561754450357864,14806.0,1.239203213927017,FD004,bootstrap_gbr,20,1.0,calibration
1.5,317,131,10767,733,0.6980952380952381,0.01202055423013397,14791.0,1.2379477736859725,FD004,bootstrap_gbr,20,1.0,calibration
1.55,318,133,10765,732,0.6971428571428572,0.012204074142044411,14773.0,1.236441245396719,FD004,bootstrap_gbr,20,1.0,calibration
1.6,320,135,10763,730,0.6952380952380952,0.012387594053954855,14735.0,1.233260796786073,FD004,bootstrap_gbr,20,1.0,calibration
1.65,323,140,10758,727,0.6923809523809524,0.01284639383373096,14680.0,1.228657515902243,FD004,bootstrap_gbr,20,1.0,calibration
1.7,326,143,10755,724,0.6895238095238095,0.013121673701596623,14623.0,1.223886842986274,FD004,bootstrap_gbr,20,1.0,calibration
1.75,327,143,10755,723,0.6885714285714286,0.013121673701596623,14603.0,1.2222129226648812,FD004,bootstrap_gbr,20,1.0,calibration
1.8,327,147,10751,723,0.6885714285714286,0.013488713525417508,14607.0,1.2225477067291597,FD004,bootstrap_gbr,20,1.0,calibration
1.85,327,151,10747,723,0.6885714285714286,0.013855753349238392,14611.0,1.2228824907934381,FD004,bootstrap_gbr,20,1.0,calibration
1.9,328,152,10746,722,0.6876190476190476,0.013947513305193613,14592.0,1.2212922664881152,FD004,bootstrap_gbr,20,1.0,calibration
1.95,330,157,10741,720,0.6857142857142857,0.01440631308496972,14557.0,1.218362905925678,FD004,bootstrap_gbr,20,1.0,calibration
2.0,331,158,10740,719,0.6847619047619048,0.01449807304092494,14538.0,1.2167726816203548,FD004,bootstrap_gbr,20,1.0,calibration
2.05,336,161,10737,714,0.68,0.014773352908790604,14441.0,1.2086541680616003,FD004,bootstrap_gbr,20,1.0,calibration
2.1,339,164,10734,711,0.6771428571428572,0.015048632776656266,14384.0,1.203883495145631,FD004,bootstrap_gbr,20,1.0,calibration
2.15,340,168,10730,710,0.6761904761904762,0.015415672600477152,14368.0,1.202544358888517,FD004,bootstrap_gbr,20,1.0,calibration
2.2,342,170,10728,708,0.6742857142857143,0.015599192512387594,14330.0,1.1993639102778708,FD004,bootstrap_gbr,20,1.0,calibration
2.25,347,172,10726,703,0.6695238095238095,0.015782712424298035,14232.0,1.1911617007030466,FD004,bootstrap_gbr,20,1.0,calibration
2.3,352,173,10725,698,0.6647619047619048,0.015874472380253257,14133.0,1.1828757951121527,FD004,bootstrap_gbr,20,1.0,calibration
2.35,355,177,10721,695,0.6619047619047619,0.016241512204074143,14077.0,1.178188818212253,FD004,bootstrap_gbr,20,1.0,calibration
2.4,357,181,10717,693,0.66,0.016608552027895025,14041.0,1.1751757616337462,FD004,bootstrap_gbr,20,1.0,calibration
2.45,361,186,10712,689,0.6561904761904762,0.017067351807671133,13966.0,1.1688985604285236,FD004,bootstrap_gbr,20,1.0,calibration
2.5,363,189,10709,687,0.6542857142857142,0.017342631675536797,13929.0,1.1658018078339472,FD004,bootstrap_gbr,20,1.0,calibration
2.55,365,192,10706,685,0.6523809523809524,0.01761791154340246,13892.0,1.1627050552393705,FD004,bootstrap_gbr,20,1.0,calibration
2.6,370,193,10705,680,0.6476190476190476,0.01770967149935768,13793.0,1.1544191496484768,FD004,bootstrap_gbr,20,1.0,calibration
2.65,371,196,10702,679,0.6466666666666666,0.017984951367223345,13776.0,1.1529963173752928,FD004,bootstrap_gbr,20,1.0,calibration
2.7,374,197,10701,676,0.6438095238095238,0.018076711323178566,13717.0,1.1480582524271845,FD004,bootstrap_gbr,20,1.0,calibration
2.75,377,197,10701,673,0.6409523809523809,0.018076711323178566,13657.0,1.1430364914630065,FD004,bootstrap_gbr,20,1.0,calibration
2.8,382,199,10699,668,0.6361904761904762,0.018260231235089006,13559.0,1.134834281888182,FD004,bootstrap_gbr,20,1.0,calibration
2.85,383,202,10696,667,0.6352380952380953,0.01853551110295467,13542.0,1.1334114496149983,FD004,bootstrap_gbr,20,1.0,calibration
2.9,387,204,10694,663,0.6314285714285715,0.018719031014865113,13464.0,1.1268831603615668,FD004,bootstrap_gbr,20,1.0,calibration
2.95,391,213,10685,659,0.6276190476190476,0.019544870618462103,13393.0,1.1209407432206226,FD004,bootstrap_gbr,20,1.0,calibration
3.0,395,216,10682,655,0.6238095238095238,0.019820150486327768,13316.0,1.1144961499832609,FD004,bootstrap_gbr,20,1.0,calibration
3.05,399,218,10680,651,0.62,0.020003670398238207,13238.0,1.1079678607298293,FD004,bootstrap_gbr,20,1.0,calibration
3.1,405,220,10678,645,0.6142857142857143,0.02018719031014865,13120.0,1.0980917308336122,FD004,bootstrap_gbr,20,1.0,calibration
3.15,407,225,10673,643,0.6123809523809524,0.020645990089924758,13085.0,1.095162370271175,FD004,bootstrap_gbr,20,1.0,calibration
3.2,409,231,10667,641,0.6104761904761905,0.021196549825656084,13051.0,1.0923167057248075,FD004,bootstrap_gbr,20,1.0,calibration
3.25,411,235,10663,639,0.6085714285714285,0.02156358964947697,13015.0,1.0893036491463006,FD004,bootstrap_gbr,20,1.0,calibration
3.3,413,239,10659,637,0.6066666666666667,0.021930629473297852,12979.0,1.0862905925677937,FD004,bootstrap_gbr,20,1.0,calibration
3.35,417,240,10658,633,0.6028571428571429,0.022022389429253074,12900.0,1.0796786072982927,FD004,bootstrap_gbr,20,1.0,calibration
3.4,419,245,10653,631,0.6009523809523809,0.022481189209029178,12865.0,1.0767492467358555,FD004,bootstrap_gbr,20,1.0,calibration
3.45,423,249,10649,627,0.5971428571428572,0.022848229032850064,12789.0,1.0703883495145632,FD004,bootstrap_gbr,20,1.0,calibration
3.5,426,250,10648,624,0.5942857142857143,0.022939988988805286,12730.0,1.0654502845664546,FD004,bootstrap_gbr,20,1.0,calibration
3.55,432,254,10644,618,0.5885714285714285,0.023307028812626168,12614.0,1.055741546702377,FD004,bootstrap_gbr,20,1.0,calibration
3.6,436,257,10641,614,0.5847619047619048,0.023582308680491833,12537.0,1.0492969534650152,FD004,bootstrap_gbr,20,1.0,calibration
3.65,440,263,10635,610,0.580952380952381,0.024132868416223162,12463.0,1.043103448275862,FD004,bootstrap_gbr,20,1.0,calibration
3.7,442,270,10628,608,0.579047619047619,0.02477518810790971,12430.0,1.0403414797455641,FD004,bootstrap_gbr,20,1.0,calibration
3.75,447,275,10623,603,0.5742857142857143,0.025233987887685813,12335.0,1.0323903582189489,FD004,bootstrap_gbr,20,1.0,calibration
3.8,450,279,10619,600,0.5714285714285714,0.0256010277115067,12279.0,1.0277033813190493,FD004,bootstrap_gbr,20,1.0,calibration
3.85,452,284,10614,598,0.5695238095238095,0.026059827491282803,12244.0,1.024774020756612,FD004,bootstrap_gbr,20,1.0,calibration
3.9,453,286,10612,597,0.5685714285714286,0.026243347403193246,12226.0,1.0232674924673586,FD004,bootstrap_gbr,20,1.0,calibration
3.95,455,289,10609,595,0.5666666666666667,0.02651862727105891,12189.0,1.020170739872782,FD004,bootstrap_gbr,20,1.0,calibration
4.0,458,293,10605,592,0.5638095238095238,0.026885667094879794,12133.0,1.0154837629728826,FD004,bootstrap_gbr,20,1.0,calibration
4.05,466,299,10599,584,0.5561904761904762,0.027436226830611123,11979.0,1.0025945764981588,FD004,bootstrap_gbr,20,1.0,calibration
4.1,469,305,10593,581,0.5533333333333333,0.027986786566342448,11925.0,0.9980749916303984,FD004,bootstrap_gbr,20,1.0,calibration
4.15,471,310,10588,579,0.5514285714285714,0.028445586346118552,11890.0,0.9951456310679612,FD004,bootstrap_gbr,20,1.0,calibration
4.2,474,318,10580,576,0.5485714285714286,0.029179665993760324,11838.0,0.9907934382323401,FD004,bootstrap_gbr,20,1.0,calibration
4.25,475,323,10575,575,0.5476190476190477,0.02963846577353643,11823.0,0.9895379979912956,FD004,bootstrap_gbr,20,1.0,calibration
4.3,478,324,10574,572,0.5447619047619048,0.02973022572949165,11764.0,0.9845999330431872,FD004,bootstrap_gbr,20,1.0,calibration
4.35,485,332,10566,565,0.5380952380952381,0.03046430537713342,11632.0,0.9735520589219954,FD004,bootstrap_gbr,20,1.0,calibration
4.4,487,342,10556,563,0.5361904761904762,0.03138190493668563,11602.0,0.9710411784399062,FD004,bootstrap_gbr,20,1.0,calibration
4.45,491,349,10549,559,0.5323809523809524,0.03202422462837218,11529.0,0.9649313692668229,FD004,bootstrap_gbr,20,1.0,calibration
4.5,495,355,10543,555,0.5285714285714286,0.03257478436410351,11455.0,0.9587378640776699,FD004,bootstrap_gbr,20,1.0,calibration
4.55,499,360,10538,551,0.5247619047619048,0.033033584143879614,11380.0,0.9524606628724472,FD004,bootstrap_gbr,20,1.0,calibration
4.6,504,369,10529,546,0.52,0.0338594237474766,11289.0,0.9448443254101104,FD004,bootstrap_gbr,20,1.0,calibration
4.65,513,376,10522,537,0.5114285714285715,0.03450174343916315,11116.0,0.9303649146300637,FD004,bootstrap_gbr,20,1.0,calibration
4.7,522,380,10518,528,0.5028571428571429,0.03486878326298403,10940.0,0.9156344158018078,FD004,bootstrap_gbr,20,1.0,calibration
4.75,526,385,10513,524,0.4990476190476191,0.03532758304276014,10865.0,0.9093572145965853,FD004,bootstrap_gbr,20,1.0,calibration
4.8,532,390,10508,518,0.49333333333333335,0.035786382822536246,10750.0,0.8997321727485772,FD004,bootstrap_gbr,20,1.0,calibration
4.85,538,398,10500,512,0.4876190476190476,0.03652046247017801,10638.0,0.8903582189487781,FD004,bootstrap_gbr,20,1.0,calibration
4.9,542,403,10495,508,0.4838095238095238,0.03697926224995412,10563.0,0.8840810177435554,FD004,bootstrap_gbr,20,1.0,calibration
4.95,555,409,10489,495,0.4714285714285714,0.03752982198568545,10309.0,0.8628222296618681,FD004,bootstrap_gbr,20,1.0,calibration
5.0,558,417,10481,492,0.4685714285714286,0.03826390163332721,10257.0,0.8584700368262471,FD004,bootstrap_gbr,20,1.0,calibration
5.05,564,421,10477,486,0.46285714285714286,0.0386309414571481,10141.0,0.8487612989621695,FD004,bootstrap_gbr,20,1.0,calibration
5.1,571,436,10462,479,0.4561904761904762,0.040007340796476415,10016.0,0.8382992969534651,FD004,bootstrap_gbr,20,1.0,calibration
5.15,575,447,10451,475,0.4523809523809524,0.04101670031198385,9947.0,0.8325242718446602,FD004,bootstrap_gbr,20,1.0,calibration
5.2,579,453,10445,471,0.44857142857142857,0.041567260047715174,9873.0,0.8263307666555072,FD004,bootstrap_gbr,20,1.0,calibration
5.25,584,461,10437,466,0.4438095238095238,0.042301339695356946,9781.0,0.8186307331771008,FD004,bootstrap_gbr,20,1.0,calibration
5.3,587,465,10433,463,0.44095238095238093,0.04266837951917783,9725.0,0.8139437562772012,FD004,bootstrap_gbr,20,1.0,calibration
5.35,588,473,10425,462,0.44,0.0434024591668196,9713.0,0.8129394040843656,FD004,bootstrap_gbr,20,1.0,calibration
5.4,592,478,10420,458,0.4361904761904762,0.043861258946595705,9638.0,0.8066622028791429,FD004,bootstrap_gbr,20,1.0,calibration
5.45,592,483,10415,458,0.4361904761904762,0.04432005872637181,9643.0,0.8070806829594911,FD004,bootstrap_gbr,20,1.0,calibration
5.5,594,491,10407,456,0.4342857142857143,0.04505413837401358,9611.0,0.8044024104452628,FD004,bootstrap_gbr,20,1.0,calibration
5.55,598,499,10399,452,0.43047619047619046,0.04578821802165535,9539.0,0.7983762972882491,FD004,bootstrap_gbr,20,1.0,calibration
5.6,606,507,10391,444,0.4228571428571429,0.04652229766929712,9387.0,0.7856545028456645,FD004,bootstrap_gbr,20,1.0,calibration
5.65,615,517,10381,435,0.4142857142857143,0.04743989722884933,9217.0,0.7714261801138266,FD004,bootstrap_gbr,20,1.0,calibration
5.7,623,526,10372,427,0.4066666666666667,0.048265736832446324,9066.0,0.7587880816873117,FD004,bootstrap_gbr,20,1.0,calibration
5.75,628,534,10364,422,0.40190476190476193,0.04899981648008809,8974.0,0.7510880482089053,FD004,bootstrap_gbr,20,1.0,calibration
5.8,633,546,10352,417,0.39714285714285713,0.05010093595155074,8886.0,0.7437227987947773,FD004,bootstrap_gbr,20,1.0,calibration
5.85,639,555,10343,411,0.3914285714285714,0.050926775555147734,8775.0,0.7344325410110478,FD004,bootstrap_gbr,20,1.0,calibration
5.9,641,568,10330,409,0.38952380952380955,0.05211965498256561,8748.0,0.7321727485771677,FD004,bootstrap_gbr,20,1.0,calibration
5.95,648,576,10322,402,0.38285714285714284,0.05285373463020738,8616.0,0.721124874455976,FD004,bootstrap_gbr,20,1.0,calibration
6.0,653,584,10314,397,0.3780952380952381,0.053587814277849144,8524.0,0.7134248409775694,FD004,bootstrap_gbr,20,1.0,calibration
0.0,233,77,10821,817,0.7780952380952381,0.007065516608552028,40927.0,3.4254268496819553,FD004,bootstrap_gbr,50,1.0,calibration
0.05,241,77,10821,809,0.7704761904761904,0.007065516608552028,40527.0,3.391948443254101,FD004,bootstrap_gbr,50,1.0,calibration
0.1,243,78,10820,807,0.7685714285714286,0.007157276564507249,40428.0,3.383662537663207,FD004,bootstrap_gbr,50,1.0,calibration
0.15,244,78,10820,806,0.7676190476190476,0.007157276564507249,40378.0,3.3794777368597253,FD004,bootstrap_gbr,50,1.0,calibration
0.2,247,82,10816,803,0.7647619047619048,0.007524316388328133,40232.0,3.3672581185135586,FD004,bootstrap_gbr,50,1.0,calibration
0.25,249,85,10813,801,0.7628571428571429,0.007799596256193797,40135.0,3.3591396049548043,FD004,bootstrap_gbr,50,1.0,calibration
0.3,252,88,10810,798,0.76,0.00807487612405946,39988.0,3.346836290592568,FD004,bootstrap_gbr,50,1.0,calibration
0.35,255,90,10808,795,0.7571428571428571,0.008258396035969904,39840.0,3.334449280214262,FD004,bootstrap_gbr,50,1.0,calibration
0.4,257,92,10806,793,0.7552380952380953,0.008441915947880345,39742.0,3.3262470706394374,FD004,bootstrap_gbr,50,1.0,calibration
0.45,258,93,10805,792,0.7542857142857143,0.008533675903835566,39693.0,3.3221459658520254,FD004,bootstrap_gbr,50,1.0,calibration
0.5,261,96,10802,789,0.7514285714285714,0.00880895577170123,39546.0,3.309842651489789,FD004,bootstrap_gbr,50,1.0,calibration
0.55,267,97,10801,783,0.7457142857142857,0.00890071572765645,39247.0,3.2848175426849684,FD004,bootstrap_gbr,50,1.0,calibration
0.6,269,99,10799,781,0.7438095238095238,0.009084235639566894,39149.0,3.276615333110144,FD004,bootstrap_gbr,50,1.0,calibration
0.65,271,102,10796,779,0.741904761904762,0.009359515507432557,39052.0,3.2684968195513893,FD004,bootstrap_gbr,50,1.0,calibration
0.7,273,104,10794,777,0.74,0.009543035419342998,38954.0,3.2602946099765653,FD004,bootstrap_gbr,50,1.0,calibration
0.75,276,104,10794,774,0.7371428571428571,0.009543035419342998,38804.0,3.2477402075661197,FD004,bootstrap_gbr,50,1.0,calibration
0.8,281,104,10794,769,0.7323809523809524,0.009543035419342998,38554.0,3.226816203548711,FD004,bootstrap_gbr,50,1.0,calibration
0.85,286,107,10791,764,0.7276190476190476,0.009818315287208662,38307.0,3.2061432875795113,FD004,bootstrap_gbr,50,1.0,calibration
0.9,290,107,10791,760,0.7238095238095238,0.009818315287208662,38107.0,3.189404084365584,FD004,bootstrap_gbr,50,1.0,calibration
0.95,292,109,10789,758,0.7219047619047619,0.010001835199119104,38009.0,3.18120187479076,FD004,bootstrap_gbr,50,1.0,calibration
1.0,296,111,10787,754,0.7180952380952381,0.010185355111029547,37811.0,3.164630063608972,FD004,bootstrap_gbr,50,1.0,calibration
1.05,301,113,10785,749,0.7133333333333334,0.01036887502293999,37563.0,3.1438734516237026,FD004,bootstrap_gbr,50,1.0,calibration
1.1,303,116,10782,747,0.7114285714285714,0.010644154890805653,37466.0,3.1357549380649483,FD004,bootstrap_gbr,50,1.0,calibration
1.15,307,119,10779,743,0.7076190476190476,0.010919434758671315,37269.0,3.11926682289923,FD004,bootstrap_gbr,50,1.0,calibration
1.2,308,120,10778,742,0.7066666666666667,0.011011194714626537,37220.0,3.1151657181118177,FD004,bootstrap_gbr,50,1.0,calibration
1.25,312,122,10776,738,0.7028571428571428,0.01119471462653698,37022.0,3.0985939069300303,FD004,bootstrap_gbr,50,1.0,calibration
1.3,314,123,10775,736,0.700952380952381,0.0112864745824922,36923.0,3.090308001339136,FD004,bootstrap_gbr,50,1.0,calibration
1.35,315,123,10775,735,0.7,0.0112864745824922,36873.0,3.0861232005356545,FD004,bootstrap_gbr,50,1.0,calibration
1.4,315,124,10774,735,0.7,0.011378234538447421,36874.0,3.086206896551724,FD004,bootstrap_gbr,50,1.0,calibration
1.45,316,126,10772,734,0.699047619047619,0.011561754450357864,36826.0,3.0821894877803815,FD004,bootstrap_gbr,50,1.0,calibration
1.5,317,131,10767,733,0.6980952380952381,0.01202055423013397,36781.0,3.078423167057248,FD004,bootstrap_gbr,50,1.0,calibration
1.55,318,133,10765,732,0.6971428571428572,0.012204074142044411,36733.0,3.0744057582859057,FD004,bootstrap_gbr,50,1.0,calibration
1.6,320,135,10763,730,0.6952380952380952,0.012387594053954855,36635.0,3.0662035487110813,FD004,bootstrap_gbr,50,1.0,calibration
1.65,323,140,10758,727,0.6923809523809524,0.01284639383373096,36490.0,3.0540676263809843,FD004,bootstrap_gbr,50,1.0,calibration
1.7,326,143,10755,724,0.6895238095238095,0.013121673701596623,36343.0,3.041764312018748,FD004,bootstrap_gbr,50,1.0,calibration
1.75,327,143,10755,723,0.6885714285714286,0.013121673701596623,36293.0,3.037579511215266,FD004,bootstrap_gbr,50,1.0,calibration
1.8,327,147,10751,723,0.6885714285714286,0.013488713525417508,36297.0,3.0379142952795446,FD004,bootstrap_gbr,50,1.0,calibration
1.85,327,151,10747,723,0.6885714285714286,0.013855753349238392,36301.0,3.038249079343823,FD004,bootstrap_gbr,50,1.0,calibration
1.9,328,152,10746,722,0.6876190476190476,0.013947513305193613,36252.0,3.034147974556411,FD004,bootstrap_gbr,50,1.0,calibration
1.95,330,157,10741,720,0.6857142857142857,0.01440631308496972,36157.0,3.026196853029796,FD004,bootstrap_gbr,50,1.0,calibration
2.0,331,158,10740,719,0.6847619047619048,0.01449807304092494,36108.0,3.022095748242384,FD004,bootstrap_gbr,50,1.0,calibration
2.05,336,161,10737,714,0.68,0.014773352908790604,35861.0,3.001422832273184,FD004,bootstrap_gbr,50,1.0,calibration
2.1,339,164,10734,711,0.6771428571428572,0.015048632776656266,35714.0,2.9891195179109475,FD004,bootstrap_gbr,50,1.0,calibration
2.15,340,168,10730,710,0.6761904761904762,0.015415672600477152,35668.0,2.9852695011717443,FD004,bootstrap_gbr,50,1.0,calibration
2.2,342,170,10728,708,0.6742857142857143,0.015599192512387594,35570.0,2.97706729159692,FD004,bootstrap_gbr,50,1.0,calibration
2.25,347,172,10726,703,0.6695238095238095,0.015782712424298035,35322.0,2.9563106796116503,FD004,bootstrap_gbr,50,1.0,calibration
2.3,352,173,10725,698,0.6647619047619048,0.015874472380253257,35073.0,2.9354703716103114,FD004,bootstrap_gbr,50,1.0,calibration
2.35,355,177,10721,695,0.6619047619047619,0.016241512204074143,34927.0,2.9232507532641447,FD004,bootstrap_gbr,50,1.0,calibration
2.4,357,181,10717,693,0.66,0.016608552027895025,34831.0,2.9152159357214598,FD004,bootstrap_gbr,50,1.0,calibration
2.45,361,186,10712,689,0.6561904761904762,0.017067351807671133,34636.0,2.8988952125878806,FD004,bootstrap_gbr,50,1.0,calibration
2.5,363,189,10709,687,0.6542857142857142,0.017342631675536797,34539.0,2.8907766990291264,FD004,bootstrap_gbr,50,1.0,calibration
2.55,365,192,10706,685,0.6523809523809524,0.01761791154340246,34442.0,2.8826581854703717,FD004,bootstrap_gbr,50,1.0,calibration
2.6,370,193,10705,680,0.6476190476190476,0.01770967149935768,34193.0,2.8618178774690324,FD004,bootstrap_gbr,50,1.0,calibration
2.65,371,196,10702,679,0.6466666666666666,0.017984951367223345,34146.0,2.85788416471376,FD004,bootstrap_gbr,50,1.0,calibration
2.7,374,197,10701,676,0.6438095238095238,0.018076711323178566,33997.0,2.845413458319384,FD004,bootstrap_gbr,50,1.0,calibration
2.75,377,197,10701,673,0.6409523809523809,0.018076711323178566,33847.0,2.832859055908939,FD004,bootstrap_gbr,50,1.0,calibration
2.8,382,199,10699,668,0.6361904761904762,0.018260231235089006,33599.0,2.8121024439236693,FD004,bootstrap_gbr,50,1.0,calibration
2.85,383,202,10696,667,0.6352380952380953,0.01853551110295467,33552.0,2.8081687311683963,FD004,bootstrap_gbr,50,1.0,calibration
2.9,387,204,10694,663,0.6314285714285715,0.018719031014865113,33354.0,2.7915969199866084,FD004,bootstrap_gbr,50,1.0,calibration
2.95,391,213,10685,659,0.6276190476190476,0.019544870618462103,33163.0,2.775610980917308,FD004,bootstrap_gbr,50,1.0,calibration
3.0,395,216,10682,655,0.6238095238095238,0.019820150486327768,32966.0,2.75912286575159,FD004,bootstrap_gbr,50,1.0,calibration
3.05,399,218,10680,651,0.62,0.020003670398238207,32768.0,2.7425510545698026,FD004,bootstrap_gbr,50,1.0,calibration
3.1,405,220,10678,645,0.6142857142857143,0.02018719031014865,32470.0,2.7176096417810514,FD004,bootstrap_gbr,50,1.0,calibration
3.15,407,225,10673,643,0.6123809523809524,0.020645990089924758,32375.0,2.709658520254436,FD004,bootstrap_gbr,50,1.0,calibration
3.2,409,231,10667,641,0.6104761904761905,0.021196549825656084,32281.0,2.70179109474389,FD004,bootstrap_gbr,50,1.0,calibration
3.25,411,235,10663,639,0.6085714285714285,0.02156358964947697,32185.0,2.693756277201205,FD004,bootstrap_gbr,50,1.0,calibration
3.3,413,239,10659,637,0.6066666666666667,0.021930629473297852,32089.0,2.68572145965852,FD004,bootstrap_gbr,50,1.0,calibration
3.35,417,240,10658,633,0.6028571428571429,0.022022389429253074,31890.0,2.669065952460663,FD004,bootstrap_gbr,50,1.0,calibration
3.4,419,245,10653,631,0.6009523809523809,0.022481189209029178,31795.0,2.6611148309340473,FD004,bootstrap_gbr,50,1.0,calibration
3.45,423,249,10649,627,0.5971428571428572,0.022848229032850064,31599.0,2.644710411784399,FD004,bootstrap_gbr,50,1.0,calibration
3.5,426,250,10648,624,0.5942857142857143,0.022939988988805286,31450.0,2.6322397053900235,FD004,bootstrap_gbr,50,1.0,calibration
3.55,432,254,10644,618,0.5885714285714285,0.023307028812626168,31154.0,2.6074656846334117,FD004,bootstrap_gbr,50,1.0,calibration
3.6,436,257,10641,614,0.5847619047619048,0.023582308680491833,30957.0,2.5909775694676935,FD004,bootstrap_gbr,50,1.0,calibration
3.65,440,263,10635,610,0.580952380952381,0.024132868416223162,30763.0,2.574740542350184,FD004,bootstrap_gbr,50,1.0,calibration
3.7,442,270,10628,608,0.579047619047619,0.02477518810790971,30670.0,2.566956812855708,FD004,bootstrap_gbr,50,1.0,calibration
3.75,447,275,10623,603,0.5742857142857143,0.025233987887685813,30425.0,2.5464512889186475,FD004,bootstrap_gbr,50,1.0,calibration
3.8,450,279,10619,600,0.5714285714285714,0.0256010277115067,30279.0,2.5342316705724808,FD004,bootstrap_gbr,50,1.0,calibration
3.85,452,284,10614,598,0.5695238095238095,0.026059827491282803,30184.0,2.5262805490458655,FD004,bootstrap_gbr,50,1.0,calibration
3.9,453,286,10612,597,0.5685714285714286,0.026243347403193246,30136.0,2.522263140274523,FD004,bootstrap_gbr,50,1.0,calibration
3.95,455,289,10609,595,0.5666666666666667,0.02651862727105891,30039.0,2.5141446267157685,FD004,bootstrap_gbr,50,1.0,calibration
4.0,458,293,10605,592,0.5638095238095238,0.026885667094879794,29893.0,2.5019250083696014,FD004,bootstrap_gbr,50,1.0,calibration
4.05,466,299,10599,584,0.5561904761904762,0.027436226830611123,29499.0,2.4689487780381656,FD004,bootstrap_gbr,50,1.0,calibration
4.1,469,305,10593,581,0.5533333333333333,0.027986786566342448,29355.0,2.456896551724138,FD004,bootstrap_gbr,50,1.0,calibration
4.15,471,310,10588,579,0.5514285714285714,0.028445586346118552,29260.0,2.4489454301975226,FD004,bootstrap_gbr,50,1.0,calibration
4.2,474,318,10580,576,0.5485714285714286,0.029179665993760324,29118.0,2.4370605959156344,FD004,bootstrap_gbr,50,1.0,calibration
4.25,475,323,10575,575,0.5476190476190477,0.02963846577353643,29073.0,2.433294275192501,FD004,bootstrap_gbr,50,1.0,calibration
4.3,478,324,10574,572,0.5447619047619048,0.02973022572949165,28924.0,2.420823568798125,FD004,bootstrap_gbr,50,1.0,calibration
4.35,485,332,10566,565,0.5380952380952381,0.03046430537713342,28582.0,2.39219953130231,FD004,bootstrap_gbr,50,1.0,calibration
4.4,487,342,10556,563,0.5361904761904762,0.03138190493668563,28492.0,2.384666889856043,FD004,bootstrap_gbr,50,1.0,calibration
4.45,491,349,10549,559,0.5323809523809524,0.03202422462837218,28299.0,2.368513558754603,FD004,bootstrap_gbr,50,1.0,calibration
4.5,495,355,10543,555,0.5285714285714286,0.03257478436410351,28105.0,2.352276531637094,FD004,bootstrap_gbr,50,1.0,calibration
4.55,499,360,10538,551,0.5247619047619048,0.033033584143879614,27910.0,2.335955808503515,FD004,bootstrap_gbr,50,1.0,calibration
4.6,504,369,10529,546,0.52,0.0338594237474766,27669.0,2.315785068630733,FD004,bootstrap_gbr,50,1.0,calibration
4.65,513,376,10522,537,0.5114285714285715,0.03450174343916315,27226.0,2.278707733511885,FD004,bootstrap_gbr,50,1.0,calibration
4.7,522,380,10518,528,0.5028571428571429,0.03486878326298403,26780.0,2.2413793103448274,FD004,bootstrap_gbr,50,1.0,calibration
4.75,526,385,10513,524,0.4990476190476191,0.03532758304276014,26585.0,2.2250585872112487,FD004,bootstrap_gbr,50,1.0,calibration
4.8,532,390,10508,518,0.49333333333333335,0.035786382822536246,26290.0,2.2003682624707066,FD004,bootstrap_gbr,50,1.0,calibration
4.85,538,398,10500,512,0.4876190476190476,0.03652046247017801,25998.0,2.1759290257783728,FD004,bootstrap_gbr,50,1.0,calibration
4.9,542,403,10495,508,0.4838095238095238,0.03697926224995412,25803.0,2.159608302644794,FD004,bootstrap_gbr,50,1.0,calibration
4.95,555,409,10489,495,0.4714285714285714,0.03752982198568545,25159.0,2.1057080682959493,FD004,bootstrap_gbr,50,1.0,calibration
5.0,558,417,10481,492,0.4685714285714286,0.03826390163332721,25017.0,2.093823234014061,FD004,bootstrap_gbr,50,1.0,calibration
5.05,564,421,10477,486,0.46285714285714286,0.0386309414571481,24721.0,2.0690492132574487,FD004,bootstrap_gbr,50,1.0,calibration
5.1,571,436,10462,479,0.4561904761904762,0.040007340796476415,24386.0,2.0410110478741212,FD004,bootstrap_gbr,50,1.0,calibration
5.15,575,447,10451,475,0.4523809523809524,0.04101670031198385,24197.0,2.02519250083696,FD004,bootstrap_gbr,50,1.0,calibration
5.2,579,453,10445,471,0.44857142857142857,0.041567260047715174,24003.0,2.008955473719451,FD004,bootstrap_gbr,50,1.0,calibration
5.25,584,461,10437,466,0.4438095238095238,0.042301339695356946,23761.0,1.9887010378305994,FD004,bootstrap_gbr,50,1.0,calibration
5.3,587,465,10433,463,0.44095238095238093,0.04266837951917783,23615.0,1.9764814194844325,FD004,bootstrap_gbr,50,1.0,calibration
5.35,588,473,10425,462,0.44,0.0434024591668196,23573.0,1.9729661868095079,FD004,bootstrap_gbr,50,1.0,calibration
5.4,592,478,10420,458,0.4361904761904762,0.043861258946595705,23378.0,1.956645463675929,FD004,bootstrap_gbr,50,1.0,calibration
5.45,592,483,10415,458,0.4361904761904762,0.04432005872637181,23383.0,1.9570639437562771,FD004,bootstrap_gbr,50,1.0,calibration
5.5,594,491,10407,456,0.4342857142857143,0.04505413837401358,23291.0,1.9493639102778708,FD004,bootstrap_gbr,50,1.0,calibration
5.55,598,499,10399,452,0.43047619047619046,0.04578821802165535,23099.0,1.9332942751925009,FD004,bootstrap_gbr,50,1.0,calibration
5.6,606,507,10391,444,0.4228571428571429,0.04652229766929712,22707.0,1.9004854368932038,FD004,bootstrap_gbr,50,1.0,calibration
5.65,615,517,10381,435,0.4142857142857143,0.04743989722884933,22267.0,1.8636591898225645,FD004,bootstrap_gbr,50,1.0,calibration
5.7,623,526,10372,427,0.4066666666666667,0.048265736832446324,21876.0,1.8309340475393372,FD004,bootstrap_gbr,50,1.0,calibration
5.75,628,534,10364,422,0.40190476190476193,0.04899981648008809,21634.0,1.8106796116504855,FD004,bootstrap_gbr,50,1.0,calibration
5.8,633,546,10352,417,0.39714285714285713,0.05010093595155074,21396.0,1.7907599598259123,FD004,bootstrap_gbr,50,1.0,calibration
5.85,639,555,10343,411,0.3914285714285714,0.050926775555147734,21105.0,1.7664044191496484,FD004,bootstrap_gbr,50,1.0,calibration
5.9,641,568,10330,409,0.38952380952380955,0.05211965498256561,21018.0,1.7591228657515903,FD004,bootstrap_gbr,50,1.0,calibration
5.95,648,576,10322,402,0.38285714285714284,0.05285373463020738,20676.0,1.730498828255775,FD004,bootstrap_gbr,50,1.0,calibration
6.0,653,584,10314,397,0.3780952380952381,0.053587814277849144,20434.0,1.7102443923669233,FD004,bootstrap_gbr,50,1.0,calibration
0.0,233,77,10821,817,0.7780952380952381,0.007065516608552028,81777.0,6.844409106126548,FD004,bootstrap_gbr,100,1.0,calibration
0.05,241,77,10821,809,0.7704761904761904,0.007065516608552028,80977.0,6.77745229327084,FD004,bootstrap_gbr,100,1.0,calibration
0.1,243,78,10820,807,0.7685714285714286,0.007157276564507249,80778.0,6.760796786072983,FD004,bootstrap_gbr,100,1.0,calibration
0.15,244,78,10820,806,0.7676190476190476,0.007157276564507249,80678.0,6.752427184466019,FD004,bootstrap_gbr,100,1.0,calibration
0.2,247,82,10816,803,0.7647619047619048,0.007524316388328133,80382.0,6.727653163709407,FD004,bootstrap_gbr,100,1.0,calibration
0.25,249,85,10813,801,0.7628571428571429,0.007799596256193797,80185.0,6.711165048543689,FD004,bootstrap_gbr,100,1.0,calibration
0.3,252,88,10810,798,0.76,0.00807487612405946,79888.0,6.686307331771007,FD004,bootstrap_gbr,100,1.0,calibration
0.35,255,90,10808,795,0.7571428571428571,0.008258396035969904,79590.0,6.6613659189822565,FD004,bootstrap_gbr,100,1.0,calibration
0.4,257,92,10806,793,0.7552380952380953,0.008441915947880345,79392.0,6.644794107800469,FD004,bootstrap_gbr,100,1.0,calibration
0.45,258,93,10805,792,0.7542857142857143,0.008533675903835566,79293.0,6.6365082022095745,FD004,bootstrap_gbr,100,1.0,calibration
0.5,261,96,10802,789,0.7514285714285714,0.00880895577170123,78996.0,6.611650485436893,FD004,bootstrap_gbr,100,1.0,calibration
0.55,267,97,10801,783,0.7457142857142857,0.00890071572765645,78397.0,6.561516571811182,FD004,bootstrap_gbr,100,1.0,calibration
0.6,269,99,10799,781,0.7438095238095238,0.009084235639566894,78199.0,6.544944760629394,FD004,bootstrap_gbr,100,1.0,calibration
0.65,271,102,10796,779,0.741904761904762,0.009359515507432557,78002.0,6.528456645463676,FD004,bootstrap_gbr,100,1.0,calibration
0.7,273,104,10794,777,0.74,0.009543035419342998,77804.0,6.511884834281888,FD004,bootstrap_gbr,100,1.0,calibration
0.75,276,104,10794,774,0.7371428571428571,0.009543035419342998,77504.0,6.486776029460998,FD004,bootstrap_gbr,100,1.0,calibration
0.8,281,104,10794,769,0.7323809523809524,0.009543035419342998,77004.0,6.44492802142618,FD004,bootstrap_gbr,100,1.0,calibration
0.85,286,107,10791,764,0.7276190476190476,0.009818315287208662,76507.0,6.403331101439571,FD004,bootstrap_gbr,100,1.0,calibration
0.9,290,107,10791,760,0.7238095238095238,0.009818315287208662,76107.0,6.369852695011717,FD004,bootstrap_gbr,100,1.0,calibration
0.95,292,109,10789,758,0.7219047619047619,0.010001835199119104,75909.0,6.35328088382993,FD004,bootstrap_gbr,100,1.0,calibration
1.0,296,111,10787,754,0.7180952380952381,0.010185355111029547,75511.0,6.319969869434215,FD004,bootstrap_gbr,100,1.0,calibration
1.05,301,113,10785,749,0.7133333333333334,0.01036887502293999,75013.0,6.278289253431537,FD004,bootstrap_gbr,100,1.0,calibration
1.1,303,116,10782,747,0.7114285714285714,0.010644154890805653,74816.0,6.2618011382658185,FD004,bootstrap_gbr,100,1.0,calibration
1.15,307,119,10779,743,0.7076190476190476,0.010919434758671315,74419.0,6.228573819886173,FD004,bootstrap_gbr,100,1.0,calibration
1.2,308,120,10778,742,0.7066666666666667,0.011011194714626537,74320.0,6.220287914295279,FD004,bootstrap_gbr,100,1.0,calibration
1.25,312,122,10776,738,0.7028571428571428,0.01119471462653698,73922.0,6.186976899899565,FD004,bootstrap_gbr,100,1.0,calibration
1.3,314,123,10775,736,0.700952380952381,0.0112864745824922,73723.0,6.170321392701707,FD004,bootstrap_gbr,100,1.0,calibration
1.35,315,123,10775,735,0.7,0.0112864745824922,73623.0,6.161951791094744,FD004,bootstrap_gbr,100,1.0,calibration
1.4,315,124,10774,735,0.7,0.011378234538447421,73624.0,6.162035487110813,FD004,bootstrap_gbr,100,1.0,calibration
1.45,316,126,10772,734,0.699047619047619,0.011561754450357864,73526.0,6.153833277535989,FD004,bootstrap_gbr,100,1.0,calibration
1.5,317,131,10767,733,0.6980952380952381,0.01202055423013397,73431.0,6.145882156009374,FD004,bootstrap_gbr,100,1.0,calibration
1.55,318,133,10765,732,0.6971428571428572,0.012204074142044411,73333.0,6.13767994643455,FD004,bootstrap_gbr,100,1.0,calibration
1.6,320,135,10763,730,0.6952380952380952,0.012387594053954855,73135.0,6.121108135252762,FD004,bootstrap_gbr,100,1.0,calibration
1.65,323,140,10758,727,0.6923809523809524,0.01284639383373096,72840.0,6.09641781051222,FD004,bootstrap_gbr,100,1.0,calibration
1.7,326,143,10755,724,0.6895238095238095,0.013121673701596623,72543.0,6.071560093739538,FD004,bootstrap_gbr,100,1.0,calibration
1.75,327,143,10755,723,0.6885714285714286,0.013121673701596623,72443.0,6.063190492132574,FD004,bootstrap_gbr,100,1.0,calibration
1.8,327,147,10751,723,0.6885714285714286,0.013488713525417508,72447.0,6.063525276196853,FD004,bootstrap_gbr,100,1.0,calibration
1.85,327,151,10747,723,0.6885714285714286,0.013855753349238392,72451.0,6.063860060261131,FD004,bootstrap_gbr,100,1.0,calibration
1.9,328,152,10746,722,0.6876190476190476,0.013947513305193613,72352.0,6.0555741546702375,FD004,bootstrap_gbr,100,1.0,calibration
1.95,330,157,10741,720,0.6857142857142857,0.01440631308496972,72157.0,6.039253431536659,FD004,bootstrap_gbr,100,1.0,calibration
2.0,331,158,10740,719,0.6847619047619048,0.01449807304092494,72058.0,6.030967525945765,FD004,bootstrap_gbr,100,1.0,calibration
2.05,336,161,10737,714,0.68,0.014773352908790604,71561.0,5.989370605959157,FD004,bootstrap_gbr,100,1.0,calibration
2.1,339,164,10734,711,0.6771428571428572,0.015048632776656266,71264.0,5.964512889186475,FD004,bootstrap_gbr,100,1.0,calibration
2.15,340,168,10730,710,0.6761904761904762,0.015415672600477152,71168.0,5.95647807164379,FD004,bootstrap_gbr,100,1.0,calibration
2.2,342,170,10728,708,0.6742857142857143,0.015599192512387594,70970.0,5.939906260462002,FD004,bootstrap_gbr,100,1.0,calibration
2.25,347,172,10726,703,0.6695238095238095,0.015782712424298035,70472.0,5.898225644459324,FD004,bootstrap_gbr,100,1.0,calibration
2.3,352,173,10725,698,0.6647619047619048,0.015874472380253257,69973.0,5.856461332440576,FD004,bootstrap_gbr,100,1.0,calibration
2.35,355,177,10721,695,0.6619047619047619,0.016241512204074143,69677.0,5.831687311683964,FD004,bootstrap_gbr,100,1.0,calibration
2.4,357,181,10717,693,0.66,0.016608552027895025,69481.0,5.815282892534316,FD004,bootstrap_gbr,100,1.0,calibration
2.45,361,186,10712,689,0.6561904761904762,0.017067351807671133,69086.0,5.78222296618681,FD004,bootstrap_gbr,100,1.0,calibration
2.5,363,189,10709,687,0.6542857142857142,0.017342631675536797,68889.0,5.765734851021091,FD004,bootstrap_gbr,100,1.0,calibration
2.55,365,192,10706,685,0.6523809523809524,0.01761791154340246,68692.0,5.749246735855373,FD004,bootstrap_gbr,100,1.0,calibration
2.6,370,193,10705,680,0.6476190476190476,0.01770967149935768,68193.0,5.707482423836625,FD004,bootstrap_gbr,100,1.0,calibration
2.65,371,196,10702,679,0.6466666666666666,0.017984951367223345,68096.0,5.699363910277871,FD004,bootstrap_gbr,100,1.0,calibration
2.7,374,197,10701,676,0.6438095238095238,0.018076711323178566,67797.0,5.67433880147305,FD004,bootstrap_gbr,100,1.0,calibration
2.75,377,197,10701,673,0.6409523809523809,0.018076711323178566,67497.0,5.649229996652159,FD004,bootstrap_gbr,100,1.0,calibration
2.8,382,199,10699,668,0.6361904761904762,0.018260231235089006,66999.0,5.607549380649481,FD004,bootstrap_gbr,100,1.0,calibration
2.85,383,202,10696,667,0.6352380952380953,0.01853551110295467,66902.0,5.599430867090726,FD004,bootstrap_gbr,100,1.0,calibration
2.9,387,204,10694,663,0.6314285714285715,0.018719031014865113,66504.0,5.566119852695012,FD004,bootstrap_gbr,100,1.0,calibration
2.95,391,213,10685,659,0.6276190476190476,0.019544870618462103,66113.0,5.533394710411784,FD004,bootstrap_gbr,100,1.0,calibration
3.0,395,216,10682,655,0.6238095238095238,0.019820150486327768,65716.0,5.5001673920321394,FD004,bootstrap_gbr,100,1.0,calibration
3.05,399,218,10680,651,0.62,0.020003670398238207,65318.0,5.466856377636424,FD004,bootstrap_gbr,100,1.0,calibration
3.1,405,220,10678,645,0.6142857142857143,0.02018719031014865,64720.0,5.416806160026783,FD004,bootstrap_gbr,100,1.0,calibration
3.15,407,225,10673,643,0.6123809523809524,0.020645990089924758,64525.0,5.400485436893204,FD004,bootstrap_gbr,100,1.0,calibration
3.2,409,231,10667,641,0.6104761904761905,0.021196549825656084,64331.0,5.384248409775695,FD004,bootstrap_gbr,100,1.0,calibration
3.25,411,235,10663,639,0.6085714285714285,0.02156358964947697,64135.0,5.367843990626046,FD004,bootstrap_gbr,100,1.0,calibration
3.3,413,239,10659,637,0.6066666666666667,0.021930629473297852,63939.0,5.351439571476398,FD004,bootstrap_gbr,100,1.0,calibration
3.35,417,240,10658,633,0.6028571428571429,0.022022389429253074,63540.0,5.318044861064613,FD004,bootstrap_gbr,100,1.0,calibration
3.4,419,245,10653,631,0.6009523809523809,0.022481189209029178,63345.0,5.301724137931035,FD004,bootstrap_gbr,100,1.0,calibration
3.45,423,249,10649,627,0.5971428571428572,0.022848229032850064,62949.0,5.268580515567459,FD004,bootstrap_gbr,100,1.0,calibration
3.5,426,250,10648,624,0.5942857142857143,0.022939988988805286,62650.0,5.243555406762638,FD004,bootstrap_gbr,100,1.0,calibration
3.55,432,254,10644,618,0.5885714285714285,0.023307028812626168,62054.0,5.193672581185136,FD004,bootstrap_gbr,100,1.0,calibration
3.6,436,257,10641,614,0.5847619047619048,0.023582308680491833,61657.0,5.16044526280549,FD004,bootstrap_gbr,100,1.0,calibration
3.65,440,263,10635,610,0.580952380952381,0.024132868416223162,61263.0,5.127469032474054,FD004,bootstrap_gbr,100,1.0,calibration
3.7,442,270,10628,608,0.579047619047619,0.02477518810790971,61070.0,5.1113157013726145,FD004,bootstrap_gbr,100,1.0,calibration
3.75,447,275,10623,603,0.5742857142857143,0.025233987887685813,60575.0,5.069886173418145,FD004,bootstrap_gbr,100,1.0,calibration
3.8,450,279,10619,600,0.5714285714285714,0.0256010277115067,60279.0,5.045112152661534,FD004,bootstrap_gbr,100,1.0,calibration
3.85,452,284,10614,598,0.5695238095238095,0.026059827491282803,60084.0,5.0287914295279545,FD004,bootstrap_gbr,100,1.0,calibration
3.9,453,286,10612,597,0.5685714285714286,0.026243347403193246,59986.0,5.020589219953131,FD004,bootstrap_gbr,100,1.0,calibration
3.95,455,289,10609,595,0.5666666666666667,0.02651862727105891,59789.0,5.004101104787412,FD004,bootstrap_gbr,100,1.0,calibration
4.0,458,293,10605,592,0.5638095238095238,0.026885667094879794,59493.0,4.9793270840308,FD004,bootstrap_gbr,100,1.0,calibration
4.05,466,299,10599,584,0.5561904761904762,0.027436226830611123,58699.0,4.91287244727151,FD004,bootstrap_gbr,100,1.0,calibration
4.1,469,305,10593,581,0.5533333333333333,0.027986786566342448,58405.0,4.888265818547037,FD004,bootstrap_gbr,100,1.0,calibration
4.15,471,310,10588,579,0.5514285714285714,0.028445586346118552,58210.0,4.871945095413459,FD004,bootstrap_gbr,100,1.0,calibration
4.2,474,318,10580,576,0.5485714285714286,0.029179665993760324,57918.0,4.847505858721125,FD004,bootstrap_gbr,100,1.0,calibration
4.25,475,323,10575,575,0.5476190476190477,0.02963846577353643,57823.0,4.83955473719451,FD004,bootstrap_gbr,100,1.0,calibration
4.3,478,324,10574,572,0.5447619047619048,0.02973022572949165,57524.0,4.814529628389689,FD004,bootstrap_gbr,100,1.0,calibration
4.35,485,332,10566,565,0.5380952380952381,0.03046430537713342,56832.0,4.756611985269501,FD004,bootstrap_gbr,100,1.0,calibration
4.4,487,342,10556,563,0.5361904761904762,0.03138190493668563,56642.0,4.7407097422162705,FD004,bootstrap_gbr,100,1.0,calibration
4.45,491,349,10549,559,0.5323809523809524,0.03202422462837218,56249.0,4.707817207900904,FD004,bootstrap_gbr,100,1.0,calibration
4.5,495,355,10543,555,0.5285714285714286,0.03257478436410351,55855.0,4.674840977569468,FD004,bootstrap_gbr,100,1.0,calibration
4.55,499,360,10538,551,0.5247619047619048,0.033033584143879614,55460.0,4.641781051221962,FD004,bootstrap_gbr,100,1.0,calibration
4.6,504,369,10529,546,0.52,0.0338594237474766,54969.0,4.600686307331771,FD004,bootstrap_gbr,100,1.0,calibration
4.65,513,376,10522,537,0.5114285714285715,0.03450174343916315,54076.0,4.525945764981587,FD004,bootstrap_gbr,100,1.0,calibration
4.7,522,380,10518,528,0.5028571428571429,0.03486878326298403,53180.0,4.450954134583194,FD004,bootstrap_gbr,100,1.0,calibration
4.75,526,385,10513,524,0.4990476190476191,0.03532758304276014,52785.0,4.417894208235688,FD004,bootstrap_gbr,100,1.0,calibration
4.8,532,390,10508,518,0.49333333333333335,0.035786382822536246,52190.0,4.368095078674255,FD004,bootstrap_gbr,100,1.0,calibration
4.85,538,398,10500,512,0.4876190476190476,0.03652046247017801,51598.0,4.318547037161031,FD004,bootstrap_gbr,100,1.0,calibration
4.9,542,403,10495,508,0.4838095238095238,0.03697926224995412,51203.0,4.285487110813525,FD004,bootstrap_gbr,100,1.0,calibration
4.95,555,409,10489,495,0.4714285714285714,0.03752982198568545,49909.0,4.177184466019417,FD004,bootstrap_gbr,100,1.0,calibration
5.0,558,417,10481,492,0.4685714285714286,0.03826390163332721,49617.0,4.152745229327084,FD004,bootstrap_gbr,100,1.0,calibration
5.05,564,421,10477,486,0.46285714285714286,0.0386309414571481,49021.0,4.102862403749581,FD004,bootstrap_gbr,100,1.0,calibration
5.1,571,436,10462,479,0.4561904761904762,0.040007340796476415,48336.0,4.045530632741881,FD004,bootstrap_gbr,100,1.0,calibration
5.15,575,447,10451,475,0.4523809523809524,0.04101670031198385,47947.0,4.012972882490794,FD004,bootstrap_gbr,100,1.0,calibration
5.2,579,453,10445,471,0.44857142857142857,0.041567260047715174,47553.0,3.979996652159357,FD004,bootstrap_gbr,100,1.0,calibration
5.25,584,461,10437,466,0.4438095238095238,0.042301339695356946,47061.0,3.938818212253097,FD004,bootstrap_gbr,100,1.0,calibration
5.3,587,465,10433,463,0.44095238095238093,0.04266837951917783,46765.0,3.914044191496485,FD004,bootstrap_gbr,100,1.0,calibration
5.35,588,473,10425,462,0.44,0.0434024591668196,46673.0,3.9063441580180784,FD004,bootstrap_gbr,100,1.0,calibration
5.4,592,478,10420,458,0.4361904761904762,0.043861258946595705,46278.0,3.8732842316705725,FD004,bootstrap_gbr,100,1.0,calibration
5.45,592,483,10415,458,0.4361904761904762,0.04432005872637181,46283.0,3.8737027117509206,FD004,bootstrap_gbr,100,1.0,calibration
5.5,594,491,10407,456,0.4342857142857143,0.04505413837401358,46091.0,3.8576330766655507,FD004,bootstrap_gbr,100,1.0,calibration
5.55,598,499,10399,452,0.43047619047619046,0.04578821802165535,45699.0,3.824824238366254,FD004,bootstrap_gbr,100,1.0,calibration
5.6,606,507,10391,444,0.4228571428571429,0.04652229766929712,44907.0,3.758536993639103,FD004,bootstrap_gbr,100,1.0,calibration
5.65,615,517,10381,435,0.4142857142857143,0.04743989722884933,44017.0,3.6840475393371275,FD004,bootstrap_gbr,100,1.0,calibration
5.7,623,526,10372,427,0.4066666666666667,0.048265736832446324,43226.0,3.6178439906260462,FD004,bootstrap_gbr,100,1.0,calibration
5.75,628,534,10364,422,0.40190476190476193,0.04899981648008809,42734.0,3.5766655507197855,FD004,bootstrap_gbr,100,1.0,calibration
5.8,633,546,10352,417,0.39714285714285713,0.05010093595155074,42246.0,3.5358218948778037,FD004,bootstrap_gbr,100,1.0,calibration
5.85,639,555,10343,411,0.3914285714285714,0.050926775555147734,41655.0,3.4863575493806493,FD004,bootstrap_gbr,100,1.0,calibration
5.9,641,568,10330,409,0.38952380952380955,0.05211965498256561,41468.0,3.4707063943756276,FD004,bootstrap_gbr,100,1.0,calibration
5.95,648,576,10322,402,0.38285714285714284,0.05285373463020738,40776.0,3.4127887512554405,FD004,bootstrap_gbr,100,1.0,calibration
6.0,653,584,10314,397,0.3780952380952381,0.053587814277849144,40284.0,3.3716103113491798,FD004,bootstrap_gbr,100,1.0,calibration
