k,TP_maintained_risky,FP_unnecessary_maintenance,TN_correct_no_maintenance,FN_missed_risky_cases,false_negative_rate,false_positive_rate,total_cost,average_cost_per_sample
0.0,346,20,3630,74,0.1761904761904762,0.005479452054794521,390.0,0.09582309582309582
0.25,363,32,3618,57,0.1357142857142857,0.008767123287671232,317.0,0.07788697788697789
0.5,378,48,3602,42,0.1,0.01315068493150685,258.0,0.06339066339066339
0.75,393,77,3573,27,0.06428571428571428,0.021095890410958905,212.0,0.052088452088452086
1.0,404,155,3495,16,0.0380952380952381,0.04246575342465753,235.0,0.05773955773955774
1.25,416,259,3391,4,0.009523809523809525,0.07095890410958904,279.0,0.06855036855036856
1.5,419,392,3258,1,0.002380952380952381,0.1073972602739726,397.0,0.09754299754299754
1.64,420,490,3160,0,0.0,0.13424657534246576,490.0,0.12039312039312039
2.0,420,759,2891,0,0.0,0.20794520547945206,759.0,0.1864864864864865
